wl,SPECTRUM0038.jaz,SPECTRUM0040.jaz,SPECTRUM0041.jaz,SPECTRUM0042.jaz,SPECTRUM0043.jaz,SPECTRUM0047.jaz,SPECTRUM0048.jaz,SPECTRUM0049.jaz,SPECTRUM0050.jaz,SPECTRUM0051.jaz,SPECTRUM0053.jaz,SPECTRUM0054.jaz,SPECTRUM0055.jaz,SPECTRUM0056.jaz,SPECTRUM0057.jaz,SPECTRUM0059.jaz,SPECTRUM0060.jaz,SPECTRUM0061.jaz,SPECTRUM0062.jaz,SPECTRUM0063.jaz,SPECTRUM0065.jaz,SPECTRUM0066.jaz,SPECTRUM0067.jaz,SPECTRUM0068.jaz,SPECTRUM0069.jaz,SPECTRUM0071.jaz,SPECTRUM0072.jaz,SPECTRUM0073.jaz,SPECTRUM0074.jaz,SPECTRUM0075.jaz,SPECTRUM0077.jaz,SPECTRUM0078.jaz,SPECTRUM0079.jaz,SPECTRUM0080.jaz,SPECTRUM0081.jaz
200,1145.051025,1206.842296,1074.202354,1013.417458,980.4084251,930.693598,919.01967,907.9495849,887.4195722,868.2984842,859.4424049,859.2411335,833.2767111,826.6346491,817.1747492,863.4679011,809.1237627,801.274059,771.0828801,774.5045445,791.41161,779.9389537,729.0164905,738.2751186,736.0611015,758.6038541,707.0775535,712.511974,679.5029408,679.1003973,743.5082565,703.0520629,680.7105879,677.0876465,648.9092129
205,1138.559926,1182.840322,1071.862549,1014.298032,980.5342179,923.6154454,912.4530919,898.9844742,891.6966577,880.4420523,863.1911417,844.4642284,825.4605458,826.0140533,815.4974594,849.0767644,803.8738505,794.2797725,775.0915909,763.5602366,782.2871578,763.3757324,734.224472,739.759524,733.5787149,741.1432825,715.682045,707.0104702,679.6119639,674.6304194,740.1285222,693.0805893,660.3315404,660.6082942,643.5418853
210,1124.381681,1162.701256,1061.367244,1015.72437,978.2563313,927.5893319,905.7897503,888.0775805,898.977384,891.909546,856.5703712,831.3646099,826.2553242,816.3773898,812.6305848,844.2229496,795.6848168,789.6388455,774.4813117,764.2627586,781.9749193,760.3456468,737.4390565,736.0765874,719.7268935,726.1986435,712.1481323,700.0561735,686.5165828,678.0011197,733.6070955,680.9815393,653.476593,655.6054593,645.8978271
215,1126.116306,1174.004743,1064.041728,1020.581335,985.3210179,930.7085097,904.3042738,892.0861614,889.3801404,883.9680854,857.153847,829.8475929,827.223565,810.8234185,817.7114779,852.4797927,790.7332311,789.093221,776.9571036,771.6270593,792.127247,763.9189906,739.8927658,734.7267275,713.2425266,727.2646507,708.9784886,695.6943608,693.9723489,686.5922784,727.7566551,693.070342,667.5681017,669.5361191,654.2019834
220,1133.168367,1191.388902,1066.337757,1020.827336,991.9630829,929.642499,892.4961616,891.1021571,889.9541399,888.642126,866.0919303,838.9496754,830.3395928,816.727469,807.3793856,850.9217778,802.8693373,781.6311487,781.0571379,770.7250502,792.701251,755.0629115,746.370827,730.8726897,720.2945896,732.2666966,715.5385471,699.7943997,693.3163453,684.8702642,737.596752,708.6504811,674.6201669,672.4061459,658.630023
225,1139.283724,1216.43381,1055.406431,1019.045398,992.4771588,926.056549,885.0120169,893.2720195,895.3157301,889.6955262,867.9810931,847.1182087,831.2794471,822.2530564,793.8965689,849.6728447,818.506249,784.4443993,782.5710003,777.2914171,795.0035824,756.5988512,742.8889512,732.3297706,728.7532817,731.6485385,711.8075115,704.0584412,688.730605,670.5075145,745.4435965,713.3402945,679.8745234,665.0576195,654.4984459
230,1138.772799,1199.317735,1060.515705,1017.172004,991.8810684,919.8402616,910.9841802,906.8116032,889.1846007,874.1973878,867.9810931,840.9870746,828.3841905,820.5499667,797.5582135,844.2229452,820.9757362,790.1497592,787.5099746,780.6976014,793.3004948,764.0924565,738.5460651,733.6922467,735.2250319,727.4759592,712.3184345,688.9009165,688.049368,674.5097797,742.0374051,701.8444167,677.3198852,660.7998868,650.5813339
235,1121.316101,1173.771344,1061.282104,1019.045408,988.4748841,926.9080952,924.0979943,901.8726384,885.1823355,883.1386204,869.7693411,834.3450106,817.5695567,822.4233633,801.3050185,845.8408885,818.9320304,779.420281,781.1233803,775.7586295,785.1256455,755.6621423,732.4149333,721.0893625,727.2204989,733.1813261,713.8512198,683.8767912,688.4751398,677.6605037,739.1421438,690.0079228,681.833083,663.354525,648.9633976
240,1116.194209,1161.622617,1054.365655,1019.187321,985.7310112,923.6564489,913.4883535,898.0722227,878.9660465,882.9840768,866.5019282,830.7495931,820.7455083,828.6995714,807.3793832,851.2497898,810.24941,774.5790834,769.4950449,773.2670718,785.2391787,746.2068279,732.7587099,727.5926536,728.2486618,734.152719,712.7505245,691.4303182,681.098226,676.5061827,734.5627194,688.4782987,674.8661703,659.122025,649.691942
245,1120.212249,1139.646426,1051.331615,1010.085237,972.2828844,916.6863855,912.3403409,893.1521764,879.2120452,876.8340251,848.0517578,838.5396728,836.8176541,821.5655066,805.6573623,841.163694,797.2932897,779.4171324,761.7869736,767.1990176,785.1571768,749.7328627,736.1207457,729.1506709,733.1687034,725.0506298,710.4544995,687.1662823,676.178182,682.4922327,726.0346432,676.0961801,659.7780333,660.4340413,649.0359339
250,1131.194031,1170.194867,1057.27983,1013.680659,979.3633423,921.9691233,910.388099,882.5425392,875.815317,877.3481093,856.3149062,842.6901715,830.2575918,816.9734662,810.0759395,853.675117,803.2635756,785.8068801,758.3019407,762.644827,778.4835815,753.2778157,736.1617455,733.3516305,720.5784395,728.9235887,724.0697773,696.6499892,690.3485413,684.6431767,728.1572007,688.3048353,659.6928805,668.0380366,644.4502023
255,1129.405795,1188.16249,1063.751582,1020.237568,995.7981943,919.3293293,909.8771692,888.1627456,874.3676899,870.5357361,871.5575866,847.2033668,825.2334688,818.6765583,816.6328477,849.8431632,811.0977995,789.5536827,766.7322458,764.8588491,784.4444016,752.6817346,742.1225657,735.8211177,714.8730798,743.3998765,727.7314289,702.6959674,691.8813243,684.3025607,737.0984403,700.2264897,666.1646329,660.7147381,652.1992774
260,1122.180275,1175.234741,1055.67766,1017.957314,991.6350753,913.8983584,916.7683852,901.5982509,883.9680854,871.0119719,857.891848,843.2957109,824.6815411,815.989459,820.745506,836.8176608,801.0653236,788.2732114,773.0210685,771.5450575,789.3392153,756.702926,740.384777,730.1346842,716.1125489,744.2388102,711.8485153,697.7443825,680.6882235,681.7542272,742.2707926,690.2823148,682.7382429,663.8780699,646.6579138
265,1133.988372,1183.024812,1055.349657,1018.53132,990.569067,913.8983561,917.1783899,895.6941958,889.1341303,884.7880971,849.9377759,835.2596346,829.7655865,818.449481,819.7614994,862.5658975,794.7512706,791.4712366,782.2871546,769.1670351,782.6971594,762.3609777,740.8767791,733.9067157,718.1625661,741.1227824,709.0604881,703.8944363,684.6242631,689.954305,746.8628337,696.6783696,686.264271,672.4881479,642.1478701
270,1122.593426,1163.723098,1060.771163,1010.359636,987.9639635,923.7573735,898.1258263,884.671403,882.2019183,886.8002671,852.5681035,838.0066622,826.0850173,822.7639818,810.0759441,849.8431608,792.619251,786.6584284,777.6320378,761.878432,772.8633798,757.7058552,748.4240019,728.9235887,725.4322556,727.9868915,701.5037958,696.5648287,694.0953486,691.7110173,727.4759662,686.8572012,664.0357643,661.7365935,648.3673213
275,1108.322139,1150.634521,1057.399665,1016.727306,981.4669732,933.0865411,901.2702388,882.8200751,884.378097,882.4100771,864.1239037,841.491697,830.093594,818.0394808,816.4814679,834.1116288,803.0333433,790.4872324,764.656996,764.1649916,774.9890905,751.0448722,758.4249425,726.0346364,741.1227824,726.93665,706.764463,684.6242585,697.3343777,688.9703007,727.0186519,676.0141783,658.5480234,666.5020933,658.4660305
280,1108.814137,1156.046572,1054.201647,1025.33738,981.9589776,923.5744539,910.2903239,882.0000701,897.9082212,881.344071,872.1599822,842.55771,830.1755891,815.4974546,814.9234573,839.8516823,804.0173589,790.2412291,771.7910609,758.7529433,779.0071252,753.6689001,747.6828453,728.9866694,735.136721,731.2826923,705.2064503,686.1002761,689.4623075,691.5943286,734.8087227,680.6882235,670.6021299,673.2261511,658.3840196
285,1120.720022,1158.954444,1060.856326,1024.15468,978.5117915,910.1326341,903.4054142,894.8899629,896.7633596,881.9464605,859.7210999,844.6487286,825.4037781,819.4429485,809.8204838,842.4347065,800.9644072,780.0163644,778.1429655,759.4941032,775.928941,759.4941031,742.9741045,727.9868985,720.8339045,727.6462755,713.0848272,692.392254,685.0689557,684.7283418,729.1790538,683.195552,668.0380272,666.0794678,656.8827726
290,1135.05438,1166.62467,1056.907665,1026.977403,979.9089627,912.6683464,908.8143084,891.9221665,887.9861202,896.1042029,857.1538448,840.9176906,829.8475929,815.9894567,814.1854427,848.4617649,815.825462,780.565138,776.9571104,768.8390323,772.7750651,763.0989832,752.0288808,723.984626,731.8567006,734.6447212,719.146577,696.8423688,689.7082995,677.3261899,728.4946628,693.4803399,668.7161096,665.3540785,648.9539365
295,1128.658321,1163.508644,1058.301676,1023.369374,980.7289723,924.7224573,907.5843031,891.3481581,887.248117,880.7700626,861.8278899,835.259639,823.4515358,812.0534239,813.1194344,842.7217091,812.9554353,783.0251578,778.5151233,778.5151187,777.6131139,766.9530142,753.258893,716.0305538,736.2027383,740.5487738,712.4225123,703.5664357,691.0203134,681.0982191,730.7906901,695.3663556,681.2622273,657.482015,642.3938756
300,1121.741878,1168.832388,1070.478793,1023.217982,968.5487037,924.4386126,910.558406,903.7460373,887.1408879,880.3285195,854.271205,836.7293443,819.187493,822.9342957,802.6674946,844.5635681,795.6848168,781.5491426,774.7367765,771.4157505,786.0623451,768.7759517,744.2514273,714.4473055,728.4978214,736.417201,716.661323,704.6545199,690.6040063,685.3244135,738.1202956,690.0079228,683.1103985,652.7953561,652.3695797
305,1120.294248,1186.304864,1066.255762,1017.137306,975.3989235,925.1324643,914.5543688,897.4162099,897.0062051,895.940197,851.0857838,830.7495954,822.2215147,828.7815846,800.2453183,854.4478149,791.8812414,773.7590783,776.9571036,755.2269151,787.0431925,761.9509707,728.7406684,720.2945873,722.6726073,731.2826921,718.5725731,695.2843606,690.856312,688.478294,735.8747331,695.1203591,676.3421812,656.5800012,646.9039126
310,1117.916224,1175.480763,1051.659627,1005.329199,988.2730464,921.2784288,903.9762754,896.5142031,893.4801703,881.2620625,852.5617947,830.5035966,821.0735112,819.351497,809.5934019,855.431826,798.1952967,782.3691563,777.0391076,760.6389589,788.0272036,761.7869692,739.7287665,717.8345676,718.4905666,732.0206976,716.9325583,701.5164207,688.068287,689.6263021,732.3487006,693.7263456,670.9301374,653.0539664,650.1839441
315,1114.964188,1155.964573,1047.067577,1011.889253,981.3849781,926.4444739,897.5802138,894.3821842,886.8381144,877.5720283,852.5617992,840.671692,820.0895024,810.24941,812.545426,849.5277734,800.8193224,793.6032578,764.4929968,759.4089445,785.2391854,763.180985,739.072763,718.4905713,722.6726141,736.2847357,709.2244872,704.468438,677.2441903,690.5283068,724.1486229,691.0203181,665.6000863,663.3040614,653.9559801
320,1104.960087,1159.736604,1051.659623,1016.071296,975.8909233,927.4284804,907.0102991,887.7401237,889.4621424,887.7401168,855.0218236,846.0017429,824.4355355,806.0673692,811.7254209,834.1116266,795.4892759,798.8513047,764.410995,759.9009512,779.9091366,767.0350206,733.0047065,724.8866306,734.4807241,739.1547625,710.8644996,701.8444169,677.0801843,678.310201,717.5065623,687.2482798,663.4680628,661.17204,645.9199061
325,1098.482033,1157.030576,1051.413628,1011.643259,984.8290111,920.622423,911.0283361,896.5962028,895.2021915,878.8840378,871.0939762,840.3436889,823.6975301,810.9874132,814.021446,834.8496342,798.1133016,792.8652478,764.4929946,767.1170202,770.807052,773.8410803,737.1867427,729.1506733,736.4487395,728.5766647,709.224485,705.124453,697.2523713,661.9920564,719.310583,681.5082284,675.4401743,657.0720079,647.8059263
330,1098.810045,1143.500461,1048.953602,1011.069241,981.5489796,920.2124228,903.9762754,905.3702799,890.5281509,876.7520255,873.7180018,835.1776394,819.8434968,818.1214803,825.9935575,835.4236428,796.7192902,778.3511171,774.3330824,765.2310023,764.7389956,761.7869715,734.8907245,726.2806488,731.2826922,713.8985302,699.2203934,694.1363526,698.8103886,678.2282036,723.6566231,688.7242973,676.1781797,667.9781132,649.1179357
335,1105.616107,1150.71653,1057.727675,1016.645295,973.0208945,924.804466,905.5342837,905.8622888,878.966044,893.4801794,862.1558906,837.5556594,820.8275034,824.025533,823.1235262,835.9976423,797.3752961,773.7590761,779.4991297,755.6369131,777.2851089,754.5709071,735.8747355,724.5586323,722.918613,718.080571,700.4504032,685.0342678,687.5762871,690.0363069,727.0186519,696.4323708,666.0100844,667.404098,649.1179312
340,1130.954341,1179.744792,1071.093791,1023.451369,974.4969076,935.5465631,907.174296,900.0402335,886.7561102,899.3842321,872.3239837,840.3436821,830.8315973,825.7475472,813.6934385,860.8438744,812.1354303,780.2371374,774.0870791,756.1289175,796.3912851,766.2970129,746.4528311,729.6426776,734.3167183,735.8747311,711.7665088,701.7624171,679.8682183,681.1802188,748.0928434,703.4024342,679.2122057,664.8620741,660.8440416
345,1144.238473,1200.900983,1074.86582,1022.303356,991.06106,928.4124937,908.8143129,900.0402312,890.2821451,892.8241714,872.0779781,846.247735,836.24365,826.5675591,810.74141,863.7959052,820.9095121,792.7832529,778.3511194,769.1670351,805.0833673,769.1670375,752.4388879,734.3167182,742.4347919,746.780825,716.0305516,710.9465015,680.5242174,690.9383093,765.1489958,708.076477,676.8341879,672.6521494,657.318009
350,1122.672275,1176.956764,1063.30372,1018.777319,989.9950494,917.2603895,911.1103334,899.4662317,891.3481581,888.4781337,851.3317803,839.6876741,827.7975689,816.7274668,809.8394052,847.7237549,815.2514559,788.355211,785.4851887,761.6229723,796.0632799,762.2789759,747.9288487,739.3187617,735.5467304,736.6127341,711.6845093,706.9284668,689.708304,687.2482843,742.6807974,690.5283157,654.7759874,675.3581747,647.3959192
355,1113.078179,1160.638613,1048.297594,1019.023327,982.4509889,916.1123771,902.7462587,902.8282606,882.9020815,892.5781679,853.9558015,831.9796076,831.4876031,811.6434168,814.1854519,853.3818066,817.1374694,783.5171621,780.4011411,764.4929991,786.8791956,760.9669641,748.830858,748.256845,734.8907291,732.5126998,710.6185009,709.2244873,692.9883377,679.2122124,731.6106997,685.52627,653.7099767,664.6160798,651.823961
360,1113.414974,1154.295266,1053.952713,1025.170456,991.6438621,918.4230412,895.5711954,904.42727,881.2591378,895.4130423,859.8305773,837.9275927,831.127387,818.5549142,817.6060529,846.7045986,810.6476964,783.0515159,779.4932731,767.3161643,788.8237871,760.19967,748.8923536,745.8085393,733.7105016,729.7568883,714.4168941,701.5281285,694.4907053,680.8112269,719.635655,683.1043156,663.0990601,654.8755603,651.3173109
365,1102.992097,1141.614448,1050.675614,1019.925331,984.008997,917.5063906,902.9102603,898.7282173,890.4461489,897.2522085,862.2378902,838.5396661,827.2235651,822.877525,821.8115166,833.2096174,797.1292883,780.8111415,779.4991297,761.6229699,781.5491514,754.4069056,749.9788592,739.8107753,729.6426753,725.9526434,710.6185054,698.0723853,684.1322519,684.2962579,710.618503,679.2122056,661.6640445,664.5340757,649.7739416
370,1112.586177,1158.178598,1056.415672,1010.495251,977.120931,924.8044547,914.7183658,892.4961661,889.0521353,894.0541879,866.1739253,846.001734,828.6995759,833.7836235,820.335499,850.1837769,796.0632799,773.267074,769.2490347,767.5270204,784.9931844,751.5368743,754.3249014,735.9567397,717.9985646,736.2027407,713.8165329,706.7644698,677.2441903,689.1343022,724.7226336,700.5324096,660.106034,677.4081941,650.3479479
375,1125.354863,1179.993722,1074.037048,1018.844687,975.9875641,927.7535575,911.8600552,889.5617175,885.2127445,885.9243926,862.6771807,845.676662,841.4858332,831.5227464,823.2992401,864.8912026,799.5775996,776.4094587,772.2186366,772.4558497,790.8796627,758.6182185,757.7484348,735.6082327,722.7194672,740.6688516,716.3936942,708.9609157,680.1786456,686.6625628,734.264001,704.6910204,670.0574146,680.1786434,658.5919516
380,1122.836268,1167.608683,1069.453787,1016.481307,977.7769414,924.8044592,907.8303019,900.368241,885.198102,879.2940403,861.9098872,837.2276566,840.4256862,820.0895001,825.5835437,854.8578243,795.6532773,786.4691886,778.2691198,780.3191325,791.3892393,763.9189859,754.6529043,737.7607512,727.67466,740.302775,706.2724586,705.4524536,684.2962511,691.2663167,743.5827999,695.694363,673.1441538,678.6381994,658.9580259
385,1113.898189,1142.762447,1051.24962,1008.117221,984.0910011,925.6244665,902.9922598,900.3682365,887.330121,882.738071,855.7598311,830.4215924,818.5314873,817.2194734,818.0394764,834.9316271,797.7852963,784.9111758,777.859115,780.483134,782.0411559,756.9489294,744.6488127,732.0206954,722.7546138,737.1047453,705.0424443,707.1744678,692.5783351,694.0543484,737.7607467,686.3462773,666.9120959,665.8460829,643.0498837
390,1108.51249,1164.179295,1049.28746,1016.393437,982.2342704,917.3160379,901.5016087,890.9059383,895.5711951,888.2965481,864.8911983,838.2438812,816.7362518,818.3176968,812.9407894,840.3788234,809.4616176,781.7072929,778.14905,766.9998715,775.7768816,748.4179208,741.4595708,722.482254,730.3104008,741.0642133,719.0030693,700.3420453,703.1095711,683.4996818,728.6498761,699.0768956,677.2529755,664.6805028,644.121752
395,1099.958044,1151.618535,1054.119647,1016.5633,979.7449612,914.9643736,908.076312,886.7561126,903.4842664,887.5761154,868.4699436,851.6597945,813.5294391,820.0074983,810.1674081,839.5236816,803.1973426,775.3990953,781.1391466,757.6049308,779.3351283,762.2789714,742.5987979,720.458591,738.006759,733.4967109,716.4405472,692.7423367,701.0244028,676.6701842,725.1326339,692.9063337,677.3261899,670.6841317,645.8379064
400,1101.106066,1138.662417,1050.511622,1015.743295,976.8749321,920.1304209,912.3403456,897.4982141,896.1862001,891.8401603,856.8258373,855.1858225,814.2674491,825.66555,813.0374417,837.5556595,800.6553164,784.5011777,779.171129,767.7730261,772.9390734,758.5069354,741.5327849,738.3347507,729.4786784,726.0346431,704.0584422,699.3023977,680.3602182,688.39629,712.5865161,689.0523004,663.1400644,678.0642066,638.9498449
405,1114.759195,1157.853533,1046.99437,1012.914274,982.3133436,917.3951089,917.8695373,907.7483106,892.9618072,901.738824,857.7747039,846.7836695,823.3783133,827.0156338,819.820075,837.9275927,803.2149134,780.1258501,783.8422459,782.7352318,778.4653343,752.766885,741.3014243,745.7294618,737.9803969,740.4316341,712.0447323,700.104828,682.5508118,698.918747,727.7010128,695.5186484,662.8618448,670.215563,647.7590681
410,1117.843007,1170.58415,1049.524674,1002.63489,989.8251931,921.1114981,922.2185058,898.2596501,899.9201616,901.3434644,859.4352177,848.9976938,831.2064557,817.6851218,810.4895565,838.7973873,803.3730577,774.5907985,778.7816293,778.30719,794.1216213,763.5997729,749.4458597,733.5523529,737.2687466,734.5802874,717.8960659,700.5001896,685.7927725,695.4395687,748.3388455,697.1791601,668.0806056,671.4807042,660.1733922
415,1123.457129,1174.142382,1059.487769,1010.146746,980.7318944,924.1162371,916.1299503,886.9523336,899.8410971,890.8268673,867.3424269,854.1373858,830.0203748,813.4152265,804.6382141,853.5048043,803.610273,780.9165693,773.1675066,765.023067,791.8285326,763.5207019,754.7436959,729.3615329,726.0405033,727.147511,711.09586,707.7748281,692.5929739,681.7600818,743.1991512,704.9282336,674.0900901,682.3926632,661.2804021
420,1115.046192,1148.256492,1054.44765,1014.595287,979.334961,923.5744449,915.7023767,901.3522519,889.2161368,879.2940447,865.1899053,841.4916948,834.4396271,815.8254621,810.0034044,851.5777859,815.7434556,782.1231509,776.3011067,767.1170112,768.0190249,760.9669642,745.1408239,734.8907244,730.0526778,740.1387758,716.0305492,711.1925026,701.84441,692.168326,739.0727584,700.6964066,670.6021255,672.4061507,654.0379797
425,1100.368051,1138.744416,1047.723585,1015.087287,981.5489773,928.1664904,917.9984018,903.5662683,895.2841909,885.0341004,865.6819097,842.8037042,828.5355766,815.1694539,812.1354213,840.0156815,815.415455,784.2551676,779.0891316,782.4511493,757.7689322,759.2449476,732.0206977,738.7447555,722.6726097,750.5528677,726.0346409,702.0084206,689.5443024,693.0703442,735.7927292,700.0404054,670.4381261,669.1261169,651.0859487
430,1130.178257,1188.454442,1059.566842,1028.965912,985.2390071,926.0139705,915.4973776,891.8548018,904.7435651,899.9992414,884.8173784,855.0862536,830.2575966,820.9270738,811.122127,859.5933642,811.5174909,786.4516187,787.321422,781.7863639,794.7541983,766.4463696,736.003588,739.0874024,730.2313254,766.6045139,726.594005,699.8676169,687.2951441,689.9835969,757.432142,704.6910205,677.0948311,676.3831831,662.1501922
435,1139.82506,1194.938363,1064.469321,1023.905295,994.8067388,931.8653086,917.8695373,896.3619146,897.1526403,900.6318163,874.2217101,853.5838863,836.3461456,827.6482108,810.33141,870.1890325,819.1874869,781.9445081,782.2608032,771.7442038,810.1732635,771.9814235,747.4690508,735.6082306,740.4316341,759.3298754,734.2640053,705.1654533,688.0858611,694.1744146,756.5623495,710.1469967,669.5829795,675.3552421,672.7458648
440,1125.354854,1152.239397,1052.292208,1013.388705,993.8578819,937.6375734,915.1810869,896.6782074,889.4035666,892.0920214,860.3840855,850.1047059,830.0203726,820.2945034,818.6339896,856.5095454,810.3314079,783.1305869,769.3720355,773.1675001,783.5259487,760.1206012,752.2133789,730.5476141,726.6730783,740.7479226,731.3383309,696.8628714,692.8301958,686.6625628,730.9429691,708.012048,660.2524698,670.2946211,669.3457642
445,1130.178258,1162.360635,1047.626938,1013.704995,985.1599492,933.7630354,909.2506758,892.1711012,887.1895425,887.5058376,873.4309953,861.9655305,827.8854305,812.8617205,819.0293492,862.2027393,802.9776981,793.4890355,764.3114188,779.3351288,782.4189366,757.5112175,750.3156498,727.3847265,731.7336971,746.678336,722.0868901,697.4163752,693.7790636,690.4580296,732.6034872,710.6214272,659.2245287,670.2155544,660.3315387
450,1131.443407,1173.351667,1057.510954,1011.253758,984.685512,929.0187073,911.3856267,896.0456348,889.1663491,878.412541,874.4589298,857.3793445,831.0483181,824.722543,816.4199589,865.1284115,810.4895498,790.2470811,777.2792554,779.7304884,786.5306898,760.7531782,750.8691603,726.3567897,742.2502965,746.2829677,721.5333884,715.6820482,688.3230764,685.7927769,741.4595729,704.6910182,673.6156573,666.9736001,658.2756566
455,1109.698565,1164.495579,1054.901585,1008.169948,982.4714835,925.1441694,910.9902693,904.1109881,897.3898577,875.1705824,864.4958344,850.4209923,832.4716186,829.5459443,817.6851153,850.6582053,816.0245993,787.8749215,781.4700775,782.2607967,781.5491551,762.0183323,742.8828714,729.7568904,727.0684379,732.0499768,723.5101928,708.3283386,696.151221,690.3789585,738.2176121,692.0394702,683.9741124,665.5502974,654.8755581
460,1105.586814,1162.123409,1050.473543,1003.662833,989.904262,919.0556118,913.5205688,903.0830493,896.8363539,884.263879,863.309747,852.9513027,828.5970786,815.7873884,813.4152243,845.4394444,808.4336788,790.3261544,785.26554,788.112139,786.1353388,765.0230756,738.2176122,728.4917319,731.2592622,725.1707065,716.3146296,703.1095755,699.2350376,700.8955514,724.6962738,691.2487466,681.3647329,661.9920481,650.5266004
465,1114.047529,1154.927835,1058.697039,1004.690761,995.5183912,909.2506692,914.0740749,898.8922316,886.3197568,887.5849064,859.8305773,848.8395516,832.4716121,821.5596553,814.6803741,841.5649109,802.8986315,788.1912035,791.2750223,775.6187417,778.8606959,757.9856523,747.6272016,730.4685407,736.2408099,717.1053467,708.486485,710.1469966,689.3510131,696.3884364,720.1891632,705.8770992,674.9598845,665.7875171,646.9683489
470,1119.819807,1164.81185,1063.836724,1011.095609,984.4482902,921.3487112,915.1020159,895.9665549,891.6175886,889.640782,865.8400661,847.8116171,834.8437783,826.4621298,822.3503745,846.7046051,810.0941947,793.0936824,779.2560578,771.5860619,778.7025539,757.1158555,748.7342114,733.789577,730.2313298,726.0404969,708.6446294,706.8259648,686.425343,682.3926653,738.2176143,708.2492632,667.6061706,678.0437034,646.3357609
475,1127.64796,1156.588348,1062.808788,1017.105096,983.815711,931.628091,914.1531503,896.1246948,893.1990269,900.2364524,874.2217147,855.876977,835.950786,821.9550149,829.1505846,847.3371909,811.2012046,794.1216278,772.851216,779.8886305,785.5027575,759.9624546,746.9946202,729.9150391,733.3942152,736.7943115,704.4538029,699.0768911,697.0210157,684.0531855,740.9851358,695.7558615,672.3504988,676.304112,652.8196781
480,1116.419715,1132.234131,1044.54313,1024.142513,987.3739515,924.7488142,913.5996442,898.8131518,889.2454201,904.4272788,858.644503,857.063058,832.0762504,812.0710013,824.010897,845.7557439,801.0009003,787.4795641,780.7584251,773.7210018,776.8048226,761.7811105,744.9387469,732.0499813,733.3151376,721.9287436,698.1280278,696.9419446,697.0210158,689.4300929,722.0078147,694.0953457,676.6994694,664.2060677,672.271432
485,1122.50827,1143.462385,1041.14304,1027.621684,987.7693134,922.3766502,911.2274779,890.8268629,884.6592407,889.4826399,842.5137788,851.6861464,833.6576931,810.8058472,810.805845,857.9328461,811.7547128,793.0146114,785.0283181,774.1163657,776.2513188,759.0926557,752.4506029,730.073179,729.3615286,731.2592578,710.0679213,710.7005026,697.8908081,683.9741145,724.7753405,699.7885416,680.0995702,665.5502951,673.1412223
490,1123.931566,1152.002184,1056.008595,1015.919009,982.4714858,916.5253122,897.5479977,889.2454223,889.9570728,883.3150112,856.2723302,857.9328439,838.322948,830.8901738,815.8664594,854.8490273,815.0757446,796.0193546,775.1443067,776.9629626,792.8564671,744.7805961,756.0088436,722.2450365,732.6825605,740.985138,722.6403896,706.5887473,699.472253,693.8581368,726.5940007,703.2677176,678.9925603,667.2898865,657.7221549
495,1113.194121,1152.664757,1065.401803,1012.570717,983.0249908,914.3140217,903.5493017,894.616878,895.3039847,900.0374083,864.8421189,852.3214512,831.4027711,828.5016458,813.9196483,853.3902862,799.6430432,792.7719432,777.9609101,781.4728058,786.5879559,744.2161865,744.445222,728.870736,734.6729989,737.345097,713.6016298,707.6466738,700.6992378,693.8281418,723.2211682,700.4702043,667.4125808,653.9757733,657.2586312
500,1119.149071,1159.917577,1067.615832,1024.556961,991.4993434,925.0023972,911.4128922,893.242659,881.7908283,898.1287694,866.0636513,842.9309504,827.6618443,831.1737314,808.957187,852.2451025,805.6743332,794.0698159,777.6555239,775.5178559,770.6317413,755.4389816,743.6817689,730.8557193,724.2900076,743.1473557,715.7393062,701.7680707,703.9820914,677.9482673,733.9095416,692.912,659.3963013,659.47265,656.2661363
505,1112.545177,1140.457642,1061.859931,1017.895811,994.9648852,921.2696468,910.4367588,895.6502708,889.7198552,888.6128474,859.2770801,840.1416125,832.708834,838.2438769,815.4710933,845.4394401,811.0430581,804.242848,778.9397626,771.1116268,776.9629648,762.6509072,756.0879168,729.2824641,719.7147283,739.7990548,716.5518385,700.3420475,689.9045192,677.0157558,735.0547202,681.5228795,660.3315364,668.396892,653.1359689
510,1108.828775,1137.057539,1052.92477,1014.732923,989.7461286,916.0508838,901.5806798,892.0920258,900.4736655,888.4546989,852.47687,830.8110962,834.9228494,830.9692449,818.792123,843.6998531,804.5591387,789.8517172,771.4279109,778.6234808,781.9445125,760.7531738,753.794826,738.7711224,731.733695,728.2545209,709.5934885,704.2956565,686.9788535,689.5882286,722.7194649,684.1322567,669.5039062,671.5597796,656.5360761
515,1122.191964,1155.323212,1040.352302,1024.53787,984.685512,920.3998479,907.7483042,888.2965634,902.055106,880.7056275,851.8442928,831.6018197,826.2249103,825.8295572,813.3361468,839.1927446,800.5264587,775.6978084,770.0046147,771.3488421,781.5491529,757.906577,739.4036931,734.9756513,731.2592643,729.0452379,711.2540023,702.1607099,694.3325631,683.4206063,721.1380222,689.034729,676.225041,664.4432918,654.6383471
520,1115.789845,1141.670995,1044.941217,1024.633318,995.6983538,917.1388024,923.5518252,888.0511643,907.1375375,883.3177427,847.5116829,847.8170671,826.2112806,822.088621,810.4077527,832.1662302,809.109878,787.8094819,778.4189812,773.5328684,780.3276262,748.7205727,742.1548589,731.6191763,723.2975149,728.7943893,710.5478096,698.485219,688.5602963,673.8256057,722.3050179,681.4601609,673.0621527,666.0383638,644.0508612
525,1123.042678,1160.757375,1053.568261,1018.831059,995.0112452,917.36784,917.0624579,902.0223894,903.3966107,894.3878426,853.4666327,852.77952,833.4641071,823.7682201,808.7281578,836.2888899,820.1036334,790.0235027,771.166161,780.174931,778.953407,738.719312,744.9796501,732.6880177,725.282496,725.5115356,709.6316613,683.0634197,688.5602986,683.6741753,729.6341868,692.9119914,668.2523824,676.1923196,648.4025563
530,1123.457136,1170.267848,1051.817756,1020.188908,985.9506641,918.027686,910.3576857,910.7530431,903.7946974,892.487381,852.4768676,830.336659,831.3646021,823.4573931,813.652444,846.3883101,810.8058427,784.1585279,773.9582259,767.237089,776.0141013,747.6272015,739.640915,730.1522523,722.8776136,723.747406,713.9424592,687.5323595,692.5929762,688.0067879,722.5613185,699.9466836,663.8897835,665.5502995,642.8565913
535,1118.232919,1157.856252,1064.409312,1023.640817,990.3541597,924.1625977,910.4967442,902.7858466,904.9235187,881.2564066,855.5279646,825.9822408,832.7006457,821.9359341,824.9897503,854.2300858,802.0097488,777.4264884,780.6330041,771.3951922,781.0910749,762.5391129,745.9721407,732.8407003,717.4952561,724.6717319,718.5640954,701.462695,698.2561792,693.293718,723.2975127,689.8581649,671.8406267,655.8080634,645.883143
540,1131.364355,1167.399452,1069.219091,1035.627063,999.7446563,928.2852551,907.7483079,896.7545546,894.5405273,876.9810539,845.9847749,842.5492196,834.4565956,823.9209131,814.0723415,850.1837812,803.231279,784.6029684,781.0147305,777.2738016,793.9171206,766.9671525,738.9483538,730.9320657,723.1448238,727.7255564,715.7393104,700.3938557,697.7981061,692.9119873,719.3275461,688.7893319,667.9470067,663.518965,664.5114536
545,1142.73983,1184.882568,1097.619633,1067.157767,1034.481873,933.4767455,904.7708319,892.479204,894.6168739,883.2413877,848.6568647,849.2676266,826.898387,824.5316752,811.17121,846.9772677,806.3614439,785.1373901,771.7769227,764.2187184,794.4515424,753.4539963,735.2837671,736.4289445,724.0609678,720.778114,714.8231642,694.8969705,688.2549144,686.7279999,715.4339178,688.7129896,664.3587646,670.3900609,649.7004227
550,1267.412067,1305.966557,1256.57102,1206.641042,1205.037781,935.0799982,903.0912286,895.7620619,897.5943498,893.7007277,856.2150754,855.2989292,825.6005143,816.9734687,814.2250302,856.9021774,817.8896191,786.2062272,770.6317454,764.9058269,778.2662944,742.5365874,736.3526063,732.458978,723.6028927,732.2299405,715.0521976,698.714246,687.4151149,685.9645447,736.5052848,686.8043507,677.4138478,675.1234783,646.7229488
555,1610.620662,1640.74714,1689.930028,1619.160461,1688.348585,923.4045868,904.4272766,910.0413993,899.6038709,893.5153219,856.1141925,852.4768698,828.5970786,812.8617227,811.2012024,847.653462,808.9871849,780.8375004,780.6002874,770.7162629,778.781625,744.2270966,729.8359702,724.0636968,726.3567854,736.4780207,706.5887495,693.14648,689.1138066,698.0489567,733.4732797,683.7368926,676.2250409,673.9319458,649.8149436
560,2248.299401,2269.905164,2492.223351,2386.713846,2622.850544,928.2852489,919.8108962,919.3528253,902.404118,891.33402,863.5442484,849.0385973,832.3189234,828.196268,816.133667,840.8696206,795.5967239,776.6630334,776.6630355,771.5478831,787.6567888,756.5841676,734.0622369,729.6341953,721.3888718,727.5728654,704.4401666,693.5227535,690.0108685,701.2336615,726.045949,683.292453,667.4889294,675.8105911,646.4939134
565,3342.712503,3360.42467,3856.899624,3703.216107,4215.570902,935.9961464,926.4529545,905.1525605,894.0061099,889.7307592,862.8571378,850.03109,833.1587251,829.8758671,819.4928694,846.0611173,810.6367924,784.4502794,768.6467559,770.3263612,779.3351293,758.2637708,739.7118046,732.3826357,725.4351869,734.4439698,704.2111247,698.7905947,688.025881,694.057173,741.0096731,682.9107286,672.7567622,679.5515179,652.2198255
570,5565.359779,5552.075726,6684.966915,6435.546092,7470.256987,940.8822632,921.4904954,902.6331555,897.594352,896.449162,868.5067033,849.7257059,836.5942699,821.1724748,819.874598,851.0999188,816.8971242,787.9621729,767.3488812,763.1498791,780.633004,752.6905476,747.4990487,732.9933956,742.1548631,731.084761,708.7918596,683.6741795,682.9107287,691.0033485,741.8494746,690.9270062,670.7717854,675.4288645,646.7229487
575,9905.305241,9821.615251,12193.20002,11777.77594,13844.19489,956.0877483,936.9733726,913.209552,916.6043884,911.6597372,862.1394857,844.7225281,832.9882162,828.4125752,814.3166423,843.0251038,809.3719991,790.4052246,776.2355001,761.1063639,785.5343872,752.8406922,747.3056376,738.5233562,739.2613668,719.6303812,712.8407206,689.6673095,687.6008891,683.1728455,726.5676473,689.2244976,660.7374472,665.9772907,650.6267476
580,18332.39308,18176.80085,22842.96323,22119.81839,26097.95484,972.1075777,965.4655258,923.7808586,931.2627248,920.8797334,853.9247079,853.6193238,834.83832,827.661842,808.193732,837.5104181,800.1774523,789.7181207,780.0985823,764.5241005,778.1899498,754.9809128,745.1323326,732.8407088,721.0834939,725.8932642,716.4264147,707.9520663,693.9808286,675.7342444,726.0459531,685.5828206,662.1447439,657.9457376,656.495174
585,32759.17814,32424.17363,40154.31129,39091.27627,44787.1871,1001.882339,989.8960929,972.6419973,965.389175,959.5105653,862.1700271,865.1475051,848.5805138,820.7907483,816.3627025,841.4040422,804.6818405,788.7256301,771.7769186,772.6167224,781.2437639,752.9959254,747.3463576,728.1836316,727.1911327,738.6429675,726.045951,696.3475384,697.950793,689.0183674,730.4739927,683.674186,677.6428812,658.3274662,651.532719
590,39058.14204,38764.89864,47877.42484,46737.50997,53005.63039,1058.148997,1054.255369,1049.67463,1030.817294,1025.015027,864.0023131,856.2150794,835.2963972,820.6380616,823.2337984,838.6556039,815.370214,788.0385258,775.8232295,770.6317412,770.9371191,750.4765226,748.7205768,735.1310719,726.2749908,716.6554439,726.351333,695.8131209,698.7905947,693.293718,719.0221599,673.367539,676.4977018,657.1822868,646.1121826
595,26366.91982,26368.37049,33033.7931,32164.5231,37357.9276,1176.255514,1204.197973,1171.674773,1154.268016,1145.259231,869.6518766,856.2150732,825.3714768,832.0135457,823.8445645,849.8020504,818.0423037,793.9934756,781.3201084,760.7831694,770.4027037,756.2024409,741.925819,735.8945271,718.8694753,710.5477989,721.9232956,707.6466801,689.4764384,684.2086013,722.0759782,673.6729168,667.8706644,660.7705226,653.1359716
600,11696.59525,11773.86449,14830.24567,14374.30506,17180.72344,1415.275553,1464.057788,1401.031999,1384.279264,1368.26451,882.2132691,870.0361593,849.0029622,843.7631206,828.4125733,865.0177104,826.93656,799.9993144,783.9845663,770.7004496,791.8812439,766.6414164,750.2576619,734.9071269,729.2244691,741.549184,715.0547424,704.1322367,683.2466369,686.4938783,743.9108031,693.8739441,678.5972107,670.8481343,658.3020182
605,5253.648657,5307.375521,6440.73252,6262.06106,7330.252002,1854.241988,1938.227116,1868.559285,1827.452303,1795.939417,895.0545878,883.3940796,864.2797058,852.0287923,841.6967001,873.3571899,827.6745727,802.8037394,775.0546855,777.2687113,794.3166647,775.4236918,757.5639303,735.9403361,736.6783386,742.2871948,713.0621235,699.9993977,689.5934956,683.1728456,744.6488138,705.6820536,680.5160258,676.97359,660.9588419
610,2712.632876,2769.586645,3120.394325,3021.984964,3407.148126,2595.671559,2782.336342,2657.893142,2586.968144,2516.959296,911.107504,900.2664395,882.3252439,873.0874361,863.8496283,878.8133524,821.7832389,802.3914731,769.9446264,777.4264947,800.6355318,768.0359897,758.4164556,739.4064204,733.8331972,742.5365895,723.1448258,701.3863441,694.2098619,691.0033506,743.4527378,699.0959809,680.0095952,669.7792904,664.9695288
615,1759.382657,1805.11361,1889.933497,1829.086106,1972.462996,3929.122483,4277.410805,4047.534407,3940.803383,3828.193688,948.8985406,932.2552196,917.6732242,915.6882408,909.8859737,860.1850418,819.6455646,797.1236319,783.2287449,784.4502795,793.306367,752.8432343,758.4928021,733.6805062,735.2074185,732.9170532,713.2199054,706.2724609,685.7355115,684.8957119,732.4589823,686.1172359,682.9870732,660.3887918,666.4964368
620,1393.356759,1434.463725,1425.312435,1391.216532,1429.37148,6112.540902,6704.569922,6336.230778,6103.906258,5979.773486,1027.969596,1001.99177,977.1209453,992.3238768,977.9327414,847.8221558,820.2207031,802.213332,801.2539265,791.6598369,781.3277526,750.1838643,758.7447408,733.8739156,744.427413,731.0694906,704.0584371,708.9292907,689.2245016,679.6304159,724.3536296,677.9329916,671.9551473,664.427474,660.0732278
625,1252.176054,1278.301497,1222.581982,1178.965788,1171.880925,9782.427067,10814.52951,10171.65187,9767.593164,9541.467887,1140.515629,1118.892035,1092.692806,1122.139264,1080.737089,868.8553487,838.5232666,819.4826884,810.7742168,807.8221884,783.6155741,766.1986105,755.6451152,739.4089661,747.7484436,742.6561991,714.7595357,699.7780029,700.8850098,687.4532857,725.9772441,684.3536559,668.338912,671.4385397,657.268809
630,1185.607837,1201.179785,1135.792395,1092.618988,1064.869942,15711.27816,17462.49424,16386.40684,15745.22643,15301.38916,1315.792249,1291.290401,1280.220325,1320.958289,1246.124414,892.8405721,871.2169678,854.9808166,837.4162599,848.8553691,786.0509969,781.8443522,753.8000997,735.9403361,750.8480692,730.9218872,715.9403524,701.918217,696.8997702,689.7411092,724.5012289,689.0769042,671.4385397,664.3536743,662.2872599
635,1146.493486,1169.740702,1093.652209,1057.711283,1018.818321,24898.65036,27673.26029,25995.69743,24944.77572,24183.00521,1640.810421,1605.755082,1580.22006,1656.234753,1535.865857,949.667094,920.2206177,924.1320556,916.9733846,928.4124939,797.490098,784.4273743,769.4458415,750.1838663,757.9329305,741.9181865,708.7816834,710.6267008,693.9477438,697.7853841,728.9292704,691.5861288,663.2466633,659.6304362,657.9330179
640,1134.242578,1157.932585,1077.268455,1035.128275,1003.024972,37781.14831,41532.58405,39180.70456,37697.2375,36685.50397,2353.355929,2283.245292,2232.101404,2427.747001,2191.511039,1082.434505,1063.320123,1066.345955,1047.157778,1092.54519,813.6524393,786.1247864,783.6893718,769.8886434,764.5011943,748.6340535,706.7890645,711.2171041,699.7780009,700.4422057,728.4126648,692.6931377,664.206075,661.6968547,657.6378153
645,1126.788709,1148.6337,1065.460345,1027.2316,1006.124609,47924.53451,51815.15846,49331.39688,47795.75313,46798.77943,3785.458065,3691.731169,3638.299479,4037.634945,3562.210986,1323.615104,1320.072664,1343.615094,1293.135429,1399.039388,839.7778789,814.6856486,832.3240173,801.4753337,794.5380677,739.4827717,711.8813131,706.5676615,703.5418396,701.5492146,722.4348044,682.5824402,668.6341126,672.6931538,659.5566284
650,1122.729663,1142.655851,1059.482493,1028.264815,994.7593037,39370.51999,42563.50605,40545.57402,39358.41686,38510.29922,6264.791748,6119.330566,6067.965324,6838.887166,5971.13881,1718.227307,1701.695968,1776.382247,1708.264225,1862.064823,911.0693319,890.5527487,922.2132364,886.9365113,869.4457479,739.9993733,713.5049276,716.2355551,699.1875977,705.5344502,727.3794536,690.7743164,664.2798747,687.8960917,656.5308003
655,1118.818221,1144.648466,1061.844116,1022.582157,989.5194539,19748.91317,21467.87826,20282.49183,19712.1603,19075.62949,10113.27547,9868.847673,9824.714795,11208.99412,9718.810938,2332.470345,2297.562634,2432.913045,2312.765556,2565.680452,1056.087657,1038.818309,1075.644836,1024.27957,1019.925323,746.2724222,732.3978983,739.9255677,704.0584351,718.5971719,741.2539836,704.1322449,668.5603151,693.2097372,663.6894653
660,1113.430782,1147.15769,1064.94374,1016.75191,996.2353231,8350.177393,8735.859676,8315.048202,8242.944995,7857.336458,15884.48822,15540.35583,15488.10479,17766.03652,15356.73984,3267.967716,3215.56923,3457.192603,3233.945573,3683.834481,1282.065324,1269.445418,1345.164909,1223.836601,1255.128084,761.4015584,757.5639302,758.5233358,734.9809246,737.0473409,747.6746399,709.4458883,691.6599203,691.069517,676.2355774
665,1114.685392,1137.637415,1060.589498,1016.309111,992.2500773,3857.708879,3911.50957,3756.970984,3758.373234,3596.897282,24556.65788,24025.44098,23933.41143,27516.72917,23754.96149,4687.892716,4614.682438,4999.40529,4646.121484,5414.017554,1629.002303,1611.954358,1760.588924,1579.334448,1629.149906,798.4495015,804.427362,817.6376791,806.2723817,798.5233032,744.2798095,726.7152487,705.7558512,705.5344524,689.2244995
670,1111.069151,1131.585763,1054.685453,1022.286959,988.8552367,1997.636678,1997.63667,1934.389502,1934.684705,1882.876615,36464.83945,35709.63737,35588.23555,40515.16803,35279.97018,6862.651009,6762.946257,7374.680062,6845.160238,8087.299447,2166.345015,2168.559045,2406.640043,2173.94648,2211.73243,880.7372579,894.2427774,934.0213441,919.2612101,927.4530822,779.7779337,739.5565715,736.9735433,752.4716838,720.4421957
675,1108.559935,1142.360649,1054.09505,1019.777736,994.0950887,1352.471175,1344.131685,1297.637268,1303.024721,1276.604077,47522.09974,46843.57591,46667.41445,51714.78984,46462.02708,10220.72936,10107.15002,11049.80612,10234.89899,12163.01551,2990.329557,2997.488224,3335.864339,3005.163485,3036.602572,1006.641209,1026.419781,1109.88835,1072.914215,1108.11713,868.560148,804.1321595,808.5601989,835.7926452,789.5196269
680,1108.781346,1143.689058,1045.53417,1012.102468,994.0950948,1113.873586,1105.238914,1072.102413,1073.357019,1063.172522,50240.62174,49759.88359,49476.41576,54289.99089,49794.64388,15279.10143,15137.84694,16540.57637,15284.41481,18210.98086,4163.465104,4157.634847,4670.770923,4115.78986,4166.85992,1182.286819,1244.205577,1384.057861,1311.364193,1386.93608,951.2907002,910.4789246,900.9586426,946.9364583,896.087793
685,1101.29653,1139.220546,1042.732125,1009.021882,979.3825703,1007.950575,997.1661634,972.5976759,982.382214,977.3828045,40582.13451,40341.23469,40051.62651,44973.1078,40958.66041,23039.16611,22857.90219,24925.58285,23015.95448,27390.28742,5902.93509,5913.862344,6641.77506,5800.447368,5909.36288,1512.7472,1628.876126,1859.919855,1772.716017,1885.131107,1074.442599,1041.51797,1028.448116,1104.439002,1053.445116
690,1099.939548,1145.362663,1054.087898,1007.950575,981.882273,967.5982685,958.4565037,936.0306259,930.1027695,938.2446426,25827.83197,25771.4816,25642.63977,29482.82217,26569.45725,33714.81496,33392.21031,36368.42503,33614.61234,39588.39636,8397.13601,8418.633364,9485.362699,8248.939532,8394.70774,2029.756635,2205.735521,2598.11705,2482.488057,2630.827412,1277.703952,1232.423655,1221.282142,1344.695919,1248.064642
695,1109.371753,1151.807145,1053.209438,1014.021273,985.7556213,944.5010396,934.3165446,928.1172892,908.264911,917.120988,14069.80356,14047.88475,13978.21685,16112.60612,14515.6334,45960.62513,45614.20456,48860.10599,45865.42214,52003.49818,12191.94535,12219.6943,13836.9623,11897.25931,12104.71296,2771.436743,3068.115462,3686.417489,3489.443506,3739.996826,1593.430387,1520.441512,1531.806816,1718.227323,1515.275464
700,1110.295451,1145.934051,1044.517623,1014.664049,981.9536901,940.4586655,923.5321281,927.2459677,899.2493226,895.1783822,7647.154636,7683.864494,7548.951983,8654.319399,7833.774997,50236.61908,50176.84098,53147.41331,50300.11164,56093.13143,17676.45215,17769.29801,20086.44868,17247.57494,17529.0412,3892.176175,4323.981563,5262.511869,4979.831488,5369.927593,2040.826719,1968.549698,1984.547773,2234.303542,1918.912779
705,1097.439845,1145.29126,1053.587956,1011.450154,978.4541134,943.8868251,915.818765,919.2469286,899.1064807,883.6797623,4233.206748,4268.988163,4179.855973,4708.292599,4298.127528,40984.51424,41174.27741,43981.15505,41096.21535,47391.60352,25174.62443,25370.02949,28570.64585,24570.33972,24891.94399,5486.913543,6142.120684,7557.451014,7077.937043,7683.007403,2647.539661,2566.835107,2590.760801,2953.503032,2521.626232
710,1109.96215,1159.187207,1057.489868,1015.05449,988.8552531,941.3276103,914.316567,912.8405538,901.8442505,893.283374,2403.835592,2415.0533,2373.651103,2588.263485,2406.123413,25270.60566,25505.7347,27498.86953,25372.0082,30385.657,35614.65592,35859.67422,40068.8957,34678.64193,35150.52344,7888.25905,8921.173177,11081.17129,10250.54474,11192.53657,3558.742334,3431.362378,3499.997013,4020.955998,3401.98973
715,1124.365179,1170.716781,1056.016237,1012.664299,993.5237367,941.6728063,912.6762891,902.8917453,888.8220037,891.0360285,1561.527056,1551.456834,1526.174143,1625.019456,1545.957492,13560.80264,13674.57474,14669.38403,13611.51088,16241.98124,46391.36631,46599.76978,51058.16356,45577.1066,46178.39176,11451.34134,13031.15184,16225.12591,14991.27397,16279.61942,4859.631615,4704.793032,4789.497165,5567.689571,4661.012585
720,1118.3659,1163.717624,1071.300128,1013.949855,976.4543477,929.0314645,909.4623846,900.1063626,887.0364989,890.6789295,1188.500362,1178.930081,1161.575016,1192.35704,1164.574646,7105.93372,7148.999953,7601.73139,7088.364368,8424.204275,49867.37802,50279.82838,54915.91532,50182.19708,50925.32258,16401.46201,18669.61861,23271.56669,21458.28434,23196.6473,6646.774493,6450.869408,6541.572801,7739.643413,6440.58493
725,1126.650627,1169.288373,1073.585565,1018.520736,985.8817906,924.3177451,910.6051046,901.4633415,889.2505218,894.1070892,1012.378619,1004.736686,982.0251091,1001.451353,972.0977212,3698.627942,3698.627942,3901.246503,3665.631934,4275.701676,40294.02589,40974.30147,46227.31439,41859.76632,42755.80198,23820.21535,27012.54681,33660.89245,30956.6456,33399.42395,9364.091513,9047.70092,9248.605358,11027.67772,9072.34082
730,2147.668823,2839.411819,1586.898994,1219.233278,1122.577457,1178.412287,1060.515707,958.878334,923.3156396,908.5093784,1299.422314,1127.974133,998.1080056,986.0000819,935.5619258,3012.243744,2558.162025,2406.224884,2207.378185,2464.135353,25868.95856,26131.52768,30310.56,26897.09415,27579.35834,33350.89404,37431.54108,45426.57538,42224.06458,45096.68652,14012.3266,13088.52664,13137.44266,15580.9599,12752.27237
735,2165.24038,2872.727023,1592.880422,1232.709345,1123.293894,1178.144462,1064.658065,965.0985717,922.6036711,905.6771279,1278.560976,1107.29581,954.314148,936.8876696,907.9625657,2303.58094,1843.778935,1614.092175,1474.751748,1579.167796,14367.63437,14376.84769,16716.63858,14820.50871,15188.53612,40438.79423,45296.42616,53404.31074,50418.09766,53206.2631,18996.79376,17971.41643,18111.25712,21511.27778,17628.95779
740,1097.08274,1143.791425,1041.946502,1025.662747,986.0960615,923.9606441,910.3908435,906.5341679,881.9656785,885.7509451,882.6798824,871.7526225,841.2562708,849.1124799,854.4689823,1109.081303,1074.299763,1080.584719,1063.515345,1102.439242,6956.02313,7083.079369,8308.93231,7447.392696,7639.798293,37856.96094,42808.86725,51204.57447,48259.71384,51206.43145,24895.94349,24147.74735,24813.0964,29609.44991,24341.86725
745,1105.487984,1148.24625,1044.809998,1024.814629,984.6163254,929.5425644,904.8424034,899.6532974,885.6080972,877.3747121,879.5195483,846.5168057,844.5795383,849.5610809,837.7299137,969.7408677,922.8313141,932.7252235,911.0001507,923.9383298,3688.419373,3737.681328,4279.631943,3863.119389,3932.445931,27453.02075,31316.20947,38759.26086,36005.64276,38926.28107,33451.63178,32461.89551,33355.80634,39622.38348,32802.37067
750,1134.649674,1165.217435,1063.158241,1027.876762,988.1672325,927.6030648,902.6774843,892.6786854,890.5360817,870.9669977,881.8942654,841.8990557,843.2560325,848.8982131,824.4725755,917.5328448,866.7532172,869.6814398,830.6146929,845.3986344,2117.46039,2138.957815,2348.789795,2167.597251,2188.451904,16354.39617,18710.82781,23414.83524,21636.90553,23636.87988,43138.3275,42031.31723,43053.19493,49677.82939,42407.98664
755,1128.507549,1159.360993,1067.372021,1021.020437,989.9527313,924.5320061,913.5333213,899.3207437,881.7514235,873.1810284,864.5392022,843.4702956,835.6855134,827.3293674,820.61589,876.89486,838.0423761,835.3284125,809.1886912,806.7604094,1392.475891,1390.690382,1462.896024,1384.90537,1393.118668,8581.97105,9766.900328,12169.2551,11293.36018,12311.23809,50960.67553,49867.30658,50751.27193,56411.87916,50134.34577
760,1120.086681,1139.597725,1054.219578,1015.335848,989.2519264,926.9826088,918.5416469,908.2326164,888.7215691,878.9660531,859.731739,845.2022286,824.2382241,818.4264164,816.5583401,849.6994591,822.9236471,812.8913707,795.0408382,789.1598416,1067.849648,1058.785988,1097.11623,1050.760174,1040.727886,4694.899117,5295.244568,6485.626366,6012.656357,6547.757317,50497.58154,49350.71912,50012.22644,55776.77454,49423.0896
765,1116.765648,1142.987946,1052.766628,1010.907814,983.7860623,929.4041902,917.0886993,901.0370541,891.9734116,886.9226799,860.5619983,849.9070243,831.295412,828.4586964,813.3756905,850.1837807,810.7465326,805.1422995,777.8821792,780.1653863,922.8313255,896.0555077,920.7556706,885.5389137,878.9660396,2698.683113,2982.146873,3547.829083,3306.570049,3574.258949,39801.64972,38649.32135,39232.02356,45493.61896,38741.4798
770,1113.098675,1161.530376,1054.288772,1013.675341,984.3395711,923.1772577,911.6228409,891.5582848,880.8341254,891.1431542,857.379343,851.5675392,843.4725284,833.578619,825.6911774,858.1404133,809.0860216,794.4873314,779.4735069,778.0205593,847.2086867,828.5970745,829.7040864,802.3747768,803.1358489,1653.319607,1798.614674,2034.961372,1933.808315,2039.043472,25140.96112,24288.28647,24704.03818,29467.84848,24395.04382
775,1116.973213,1159.0396,1057.194675,1017.480684,990.774067,926.1523477,907.3331777,895.225256,879.5887374,888.7907581,850.183775,845.3406029,846.2400493,821.8166408,832.8175564,851.0140305,813.7216263,787.153391,780.1653901,775.8757229,810.9540996,795.87109,782.379406,763.7678012,765.7050724,1143.887392,1211.553387,1309.454607,1264.759077,1296.516426,13851.53342,13323.55875,13498.81242,16014.90794,13279.69356
780,1103.827465,1140.566368,1051.036932,1012.222385,990.0129967,920.8940469,905.4650937,904.081339,887.3378087,890.2437058,842.9882127,839.2520448,842.2963199,812.8913745,820.0869369,838.8369217,799.6764374,788.883091,776.4292278,766.1201915,809.1552086,778.0897408,765.2207508,742.3194809,742.7346096,909.4780064,932.1717128,975.6218642,947.4622938,972.8543415,7191.068619,6876.19342,6912.863045,8116.252335,6757.812462
785,1107.217682,1153.227798,1046.95483,1017.480677,986.2768383,917.434639,907.6791134,908.8553181,889.4134503,890.6588402,857.5869065,837.729908,831.7105389,818.5648002,811.2308521,840.2898712,805.5574284,789.7825374,772.347126,764.4596805,804.9347344,768.4034004,747.9929085,737.6838761,729.7964286,819.1183033,821.1247615,834.4088839,817.3194123,824.7917328,3796.837166,3626.426823,3614.52639,4177.994606,3537.381638
790,1117.526718,1161.737942,1057.678987,1021.701155,987.8681641,926.4982815,914.9438686,904.4964618,884.2243385,879.519556,862.4300728,844.0952167,826.3830547,813.7908173,818.2188568,843.8184643,818.7723617,788.4679622,764.6672421,763.5602417,786.0463791,757.4024906,738.721695,741.0740968,729.450489,773.3157596,768.6801586,767.8498993,763.4218522,753.389576,2185.168808,2071.700283,2053.711331,2319.047833,2021.677231
795,1116.281334,1151.84404,1056.156847,1015.197485,985.0314485,917.2270756,912.9374142,907.2639904,880.7649345,888.0296954,861.1846924,841.1201268,835.51589,813.9983769,821.6090774,838.2834148,807.4255103,791.166296,772.1395627,767.6423416,782.448595,754.012272,741.8351593,736.6460572,722.6700497,738.237379,734.8471584,736.3693008,726.4062062,725.7835083,1418.841042,1320.524696,1316.027475,1440.912046,1301.843916
800,1112.891117,1132.678925,1044.394875,1014.090475,978.4585763,917.0195141,914.6671162,906.987238,886.2999898,884.7778472,860.3544387,830.3959675,839.8055591,824.5149727,818.9799252,833.8553772,796.1478423,780.8572693,775.2530289,767.4347725,784.2474879,750.7604295,738.8600732,730.626688,730.6958771,734.8471565,720.7327805,723.0159912,706.7567787,711.0464382,1038.513876,984.2703705,973.615406,1030.211285,969.7408791
805,1098.499985,1116.281336,1035.677174,1011.668879,977.1440049,919.4410973,906.6412945,903.8045788,886.0924283,875.9217624,849.9070282,834.5472602,829.6349068,818.9799271,820.0177479,836.8996544,795.4559593,776.7751732,765.0131836,763.0759181,770.686615,753.4587688,745.0178205,734.0169068,735.1239167,728.2742826,726.4062119,708.9707966,689.6673012,695.5482941,870.1099587,831.9873009,818.5648022,837.2455978,813.7216301
810,1100.0326,1131.095979,1042.266812,1018.046764,975.9803782,915.9334717,890.707059,897.2149326,876.617846,890.1703232,855.3498258,842.1998883,827.708117,817.3089267,821.9382416,832.0690623,790.6065026,785.6417328,764.2395372,770.6803237,771.2170539,757.1949296,741.3613374,740.422047,725.7960964,722.575704,724.4542643,706.2724647,680.4422145,687.956469,798.8587628,751.0896015,740.1536828,752.9010712,732.8407038
815,1110.834328,1147.801769,1054.477469,1028.11049,980.8780628,919.1538604,901.1733343,889.9019572,888.3588608,887.084112,862.3944333,836.5641961,831.1297829,812.4783362,822.0724191,835.490732,802.2133363,782.6897047,771.753786,761.3546032,769.5397708,756.3227373,731.4317903,735.9269132,720.965504,726.6682887,725.0580832,709.2244911,690.3717688,680.4422201,755.5176429,729.486132,711.1701475,717.5438343,694.4643518
820,1111.368973,1150.737026,1063.006479,1029.865353,983.716877,918.1265202,913.6984844,890.0361442,902.4900074,885.0545979,861.2538796,838.6293526,826.3830566,809.1552106,813.375681,838.2834148,816.4891567,793.6570702,778.5740603,762.5224152,769.6487961,748.269661,740.1746463,734.8471642,721.5630378,733.8785266,715.6820468,700.6682187,698.5233898,680.742035,738.9984532,717.9652615,689.7364998,686.3462792,674.2383519
825,1116.939679,1164.440478,1061.723355,1031.800535,978.8653177,916.1347453,913.4510831,887.7550307,897.8187607,896.141474,860.0462332,846.6279205,825.8966379,823.2129832,819.6571305,838.1072998,815.6316436,799.4625835,787.8557554,769.1372199,784.2999046,752.9010731,751.8276034,741.4284225,722.3744285,737.9396583,703.8571722,701.7773252,689.2312105,682.5891521,742.166428,702.2469686,676.2825447,663.1326109,656.490547
830,1111.974905,1161.421357,1054.745831,1020.864617,978.7982289,924.3870036,903.6557211,891.3779759,889.7006854,893.927455,853.2699862,836.6983791,824.353536,828.9157641,820.8647812,847.0304732,813.5518059,790.4723214,781.4820575,766.8561087,785.6417367,756.1885524,744.2462602,735.256,724.2529833,739.5498583,705.7357326,710.1637629,681.8511428,679.3016672,738.7447601,697.6176498,673.9343391,665.4137203,654.9474395
835,1106.205026,1145.31938,1053.471088,1010.062879,978.1273119,926.8693922,912.377619,894.6654645,889.9019572,885.4068344,851.5927032,834.1489055,819.8584077,826.0979152,814.2898097,850.5863259,805.1653646,784.6353575,768.4663049,772.693069,779.2680387,752.9681563,742.5689734,727.8088361,726.73537,740.4220506,703.4546175,701.8444121,685.8766332,678.5636597,730.8950565,681.8511463,674.6052542,678.6307502,660.3818508
840,1097.348944,1141.428069,1056.020567,1015.631475,984.0313684,918.2816754,915.8663811,886.4132043,889.4323195,880.7104288,850.5192372,830.7272376,815.8329135,820.260953,812.3441551,843.9442638,797.8523838,783.4948027,763.5015315,776.6514671,778.5300275,759.2076694,752.6327034,733.2432528,720.8984097,728.4797566,706.7421005,696.6112726,685.071535,679.704218,731.9014245,676.8192804,670.9152241,673.8672504,653.4043377
845,1096.745128,1136.463303,1057.966222,1023.212819,982.4211722,914.0549058,908.0166718,886.8828384,885.3397365,884.1991873,848.1710315,833.7463508,826.7017434,815.4974587,802.6829761,827.7081096,793.96108,783.5618933,757.7316544,774.3703557,777.456567,757.7316599,750.3515939,733.1761659,722.3073342,727.3392001,701.0393178,707.6142837,685.6753595,677.1547407,716.6716438,679.2345747,678.6307502,663.8706129,647.7686509
850,1123.22457,1167.765453,1057.976089,1020.467989,984.4575985,921.6836081,908.1390129,893.4222879,887.4965354,889.3198422,861.8399478,845.1696706,831.1041331,810.5267639,807.8569138,831.5599527,799.7822607,782.7212722,771.7162871,773.3442544,777.186229,759.8647749,741.9572645,735.1849634,732.9058229,743.5200967,695.3977105,706.6631667,691.0999073,685.4346242,716.6913776,687.1928137,681.0065774,655.2848691,642.0007521
855,1119.220784,1157.597138,1058.637137,1012.679456,991.2772605,926.8693903,914.9270982,895.9402003,895.4705645,890.1703214,866.5541123,842.3340695,821.4686039,814.6252645,812.6796117,835.4907263,798.5233025,783.6289821,770.411954,772.2234294,771.5525106,761.7571504,738.0738506,741.4284206,732.3039718,733.7799867,698.4898404,693.9947103,690.1034009,694.195982,724.1188022,688.2248369,670.1101278,650.8548566,635.5579945
860,1101.642808,1124.722286,1052.062167,1014.021286,983.5617325,924.1186358,917.8791246,893.2565418,902.1126191,890.2374175,851.0559675,840.4555054,825.0244547,822.6762474,810.5326871,835.4236358,793.1559781,785.910097,770.8815992,758.3354806,781.8846047,751.0895996,736.9332923,729.0835794,734.7863585,716.6045569,708.2852043,692.0490538,691.9148689,698.7582046,721.1667758,684.6018935,663.132611,652.4650565,647.9699262
865,1112.545177,1142.043737,1047.361813,1018.709796,977.2945862,924.1580972,907.4878325,887.1058259,886.3895192,890.1012664,857.7374951,837.420595,825.4388373,814.8245707,810.787235,838.5276058,797.4380009,787.27955,781.223561,759.799654,798.1543005,745.538761,743.9759271,719.1658702,731.6685755,716.0402007,711.5470401,695.2023549,691.2952558,698.2629125,726.3288789,690.513837,658.7361432,659.2570855,657.1733057
870,1112.349828,1137.811053,1054.589941,1018.449323,977.1643497,917.9067455,908.1390112,888.4081851,879.5521043,890.4919757,862.426011,834.5553894,828.0435647,818.6014279,812.0244769,829.9320014,800.6939142,789.0377377,774.3210288,771.5860579,782.0049797,752.4412932,749.5109756,723.2683159,719.0356391,727.0451839,714.6727169,694.551169,686.5416259,683.0252398,720.7938303,686.281153,663.880486,662.057172,651.2475461
875,1107.075246,1130.582932,1053.873654,1011.937498,979.7690807,914.4554803,900.5852967,896.6130838,895.6363112,882.4824344,851.7466179,839.4392629,824.0062382,828.5645159,803.1683996,828.1086964,802.6474592,785.1306475,779.7909564,771.716296,767.2231337,754.8506703,745.9945894,733.3616476,715.6494876,727.3707706,714.2168884,687.8439888,682.1135829,678.0111371,703.2119033,677.7506642,676.1227184,658.4756703,654.1778673
880,1114.824308,1151.485894,1049.771203,1011.221197,983.6761763,915.3671372,902.7993217,891.8594576,900.0643507,875.6450195,851.8768473,839.5043821,818.3409532,825.1132508,803.2335205,843.6719612,806.8801431,782.2003335,778.2281171,774.2559042,779.790951,748.1434936,745.278288,734.5337758,720.924065,719.0356355,717.2123251,681.4624023,683.2205936,678.8576768,702.3653637,687.0625718,671.2388467,659.8431522,661.9920583
885,1116.061556,1152.071957,1056.217901,1009.593238,984.9785408,918.102101,907.4878378,891.5338655,894.6595351,880.9847106,849.0116452,828.9552236,821.5968682,826.8063283,820.8154476,850.7047317,805.4475421,786.8237269,769.3720416,776.3396893,775.3629168,750.6179899,738.7664651,731.8639329,723.1380849,728.2824275,723.7241516,687.9091114,686.0206837,676.7087743,713.6308217,695.2023567,660.624571,655.7406993,663.8153686
890,1107.642694,1133.156657,1052.081345,1003.689186,984.2901436,920.9269902,902.2659738,897.0999202,895.9401972,887.084118,840.1679746,825.6186901,822.9829595,829.2033023,829.8358764,842.4874239,802.5296283,791.354094,770.0573351,769.6356113,754.8754825,749.7094348,737.6904675,727.0420881,725.4606352,733.367853,713.0199556,697.6272408,687.4005709,677.2793317,710.8059314,686.0299916,655.8771421,644.8070359,661.5703357