wl,beetle_Stigmodera gratiosa_blue_Splice17_001,beetle_Stigmodera gratiosa_blue_Splice17_002,beetle_Stigmodera gratiosa_blue_Splice17_003,beetle_Cyria imperialis_yellow_Splice17_001,beetle_Cyria imperialis_yellow_Splice17_002,beetle_Cyria imperialis_yellow_Splice17_003,beetle_Castiarina_erythroptera_red_Splice17_001.txt,beetle_Castiarina_erythroptera_red_Splice17_002.txt,beetle_Castiarina_erythroptera_red_Splice17_003.txt,beetle_Temognatha obscuripennis_dark purple_Splice17_001,beetle_Temognatha obscuripennis_dark purple_Splice17_002,beetle_Temognatha obscuripennis_dark purple_Splice17_003,beetle_Melobasis cuprifera_pink_Splice17_001,beetle_Melobasis cuprifera_pink_Splice17_002,beetle_Melobasis cuprifera_pink_Splice17_003,beetle_Merimna atrata_black_Splice17_001,beetle_Merimna atrata_black_Splice17_002,beetle_Merimna atrata_black_Splice17_003,beetle_Melobasis_propinqua_green_green_Splice17_001,beetle_Melobasis_propinqua_green_green_Splice17_002,beetle_Melobasis_propinqua_green_green_Splice17_003,beetle_Pseudotaenia gigas_green_Splice17_001,beetle_Pseudotaenia gigas_green_Splice17_002,beetle_Pseudotaenia gigas_green_Splice17_003
300,7.133502408,6.594507697,6.707793208,11.82024485,11.23524601,12.55407428,5.604353895,6.535638706,4.827124862,3.939739608,4.095436817,5.28209259,4.338845422,4.356077741,4.964317544,13.59084413,15.3588554,9.917071327,1.670741082,1.189457224,-3.196400734,9.345601312,11.64001905,11.8680072
305,6.690293835,6.194218156,6.323073766,11.39821224,10.75756714,11.74104702,5.502149686,6.443778085,4.739945185,2.793453624,2.983324233,4.479520118,4.202836924,4.261068699,4.777937376,13.2806853,15.09057501,9.74157513,2.158100449,1.441200927,-2.798980028,8.568833893,11.05208989,10.82611574
310,6.290099493,5.635708887,6.019173796,11.29641549,10.49853139,11.67370716,5.473301723,6.339851027,4.691094504,2.133792532,2.227396723,3.823279151,4.173073168,4.27967394,4.875325497,13.1521964,14.81950696,9.783430987,2.505579602,1.608807554,-2.142834923,7.801059419,10.40698453,9.818430422
315,5.97660811,5.283154253,5.698415093,11.00898872,10.33370142,11.45041038,5.432914576,6.257332164,4.633225236,1.435983779,1.528730905,3.307180491,4.338588535,4.345324295,4.947742304,12.89381508,14.52342118,9.563409563,2.737147257,1.814851101,-1.516232229,7.22177794,9.823256664,9.121024357
320,5.551208044,4.907281821,5.282818608,10.52994056,9.807584761,10.92340565,5.366152149,6.145231067,4.538905845,0.952578382,0.924998224,2.907334148,4.52097609,4.566326014,5.084876628,12.54453004,14.13876079,9.312515643,3.069857652,2.00535747,-0.836673092,6.566633439,9.191210135,8.285437343
325,5.467327364,4.702321188,5.226002944,10.28011235,9.554734373,10.63368446,5.297741267,6.056484366,4.473896862,0.408226519,0.492572197,2.53661035,4.633127361,4.669459709,5.173419122,12.14751708,13.62232883,9.238905517,3.050003673,1.941318828,-0.97176983,6.041485986,8.49644787,7.566489048
330,5.283219008,4.533813275,5.144354132,10.25034561,9.600451344,10.48914851,5.162155844,5.996930658,4.439701386,0.21856613,0.514794799,2.431384531,4.697053718,4.734974318,5.328240397,11.92477102,13.38648686,9.070642491,3.272549784,1.950820921,-0.982435362,5.719438848,8.210036617,7.204104772
335,5.075963415,4.347392701,4.959239011,9.709304935,8.88173916,10.08485129,5.025334079,5.889500441,4.422791534,0.361657497,0.422180358,2.342562779,4.708201466,4.796164042,5.301407451,11.56220419,13.04137503,9.01510297,3.194348792,2.053710632,-0.787088104,5.714476356,7.894528013,7.08512769
340,4.935354438,4.266144103,4.738249594,9.735029639,8.741018213,10.16668098,4.963517017,5.799975259,4.369055786,0.742049451,0.690854196,2.463982539,4.784869025,4.814918231,5.37805281,11.31590008,12.61170067,8.768517376,3.361940594,2.171923394,-0.674826573,5.500324417,7.538063521,6.711321179
345,4.764632535,4.046169597,4.696363711,9.472688253,8.657806914,9.777068704,4.939202306,5.773506945,4.33072679,1.071337347,0.933707227,2.677756845,4.742232838,4.794758546,5.254614207,11.03527281,12.2893752,8.664567712,3.914376837,2.33146651,0.066885276,5.361970938,7.268519419,6.612233401
350,4.76053523,4.103833172,4.614419789,9.41281186,8.3416379,9.50795524,4.906233206,5.730301314,4.337114956,1.602985597,1.512644222,3.060015608,4.711737436,4.824774,5.312388853,10.67888239,11.87657069,8.509499103,4.578547633,2.966973185,1.693759952,5.287880143,7.144347487,6.601441447
355,4.777870048,4.011263464,4.597328125,8.967746739,8.024789472,9.205515084,4.860900694,5.677753925,4.324338624,2.107405835,2.107008947,3.461084091,4.679033778,4.725438371,5.238861729,10.35671528,11.25799087,8.225628471,5.462787078,3.309127454,3.096290422,5.215837027,6.93736069,6.463542329
360,4.648211176,4.017902796,4.530012926,8.676821469,7.83751171,8.945456073,4.77806583,5.624817296,4.266469356,2.740590453,2.724244248,3.661730819,4.653212704,4.72381042,5.215733276,9.906265879,10.71681954,8.013136175,6.064317423,3.665810913,4.42795227,5.296832368,6.885746868,6.536370216
365,4.667575575,4.055383665,4.484086858,8.694229917,7.828279214,8.864507939,4.754575347,5.572269907,4.245050211,3.388840467,3.328705127,4.094807995,4.568747435,4.661416877,5.13462001,9.531172123,10.30418241,7.777085946,6.741748719,4.141409451,5.832142222,5.421292758,6.942939781,6.635902966
370,4.703915975,4.018896536,4.496588694,8.454129336,7.456242581,8.580635898,4.754163233,5.539573753,4.240916692,4.152705629,4.121343019,4.711643832,4.541408338,4.614427992,5.046622016,9.075289948,9.678623801,7.530924395,7.156576967,4.50165098,6.704972038,5.535453206,6.996288035,6.795805256
375,4.68257188,3.946775561,4.444886788,8.188412374,7.434043519,8.38484601,4.675449507,5.511548479,4.226261488,4.902213843,4.815396208,5.129552241,4.406837126,4.496070706,4.933244122,8.573245914,8.896441991,7.185507579,7.516295162,4.703397513,7.357490351,5.639922049,7.030633349,6.904210192
380,4.656038831,4.001909209,4.397707247,8.145258403,7.14366699,8.132872909,4.592614644,5.45861185,4.194320658,5.463038128,5.441121189,5.577620084,4.334830429,4.418274455,4.858162283,8.121974882,8.391680522,6.959530361,7.528058801,4.832423614,7.701297023,5.849148171,7.133785174,7.072158248
385,4.63389537,4.051119726,4.540933562,7.872447969,6.912073262,7.984713585,4.520082624,5.360134151,4.127057029,6.16585486,6.113388692,6.109327028,4.230282207,4.328092398,4.717687975,7.612627342,7.645827306,6.654473425,7.220899035,4.710573627,7.083587501,5.949454563,7.186165037,7.214286349
390,4.717905988,4.116498168,4.596251544,7.643441115,6.66859611,7.711355432,4.447138491,5.281507687,4.074072829,6.609678305,6.607265905,6.459753514,4.148778568,4.249466202,4.657043651,7.069730636,6.871909073,6.321006687,6.809626966,4.552565677,6.45488093,6.099215937,7.316881894,7.361342525
395,4.79704514,4.188769808,4.632377861,7.436213849,6.424992516,7.551914496,4.404278661,5.252703933,4.063175369,7.120102687,7.098734555,6.858730587,4.070185878,4.183442254,4.552392136,6.595603285,6.298683178,6.047149395,6.333467322,4.29309048,5.701419388,6.29301889,7.449373846,7.566959152
400,4.958864143,4.381759465,4.821135857,7.266703786,6.298351893,7.345567929,4.397272727,5.228181818,4.071818182,7.613919822,7.635055679,7.322783964,4.032783964,4.133919822,4.52,6.131135857,5.607216036,5.745567929,5.751648107,3.971648107,4.863296214,6.513296214,7.645567929,7.793296214
405,4.768571429,4.371428571,5.005714286,7.168571429,6.232857143,7.618571429,4.15,5.03173913,3.881304348,7.775714286,8.085714286,7.625714286,4.03,4.344285714,4.764285714,5.874285714,5.425714286,5.412857143,5.435714286,3.741428571,4.907142857,6.324285714,7.975714286,8.165714286
410,4.690223214,4.430178571,5.020133929,7.540446429,6.370491071,7.320535714,4.126086957,5.017391304,3.824347826,7.800089286,8.020133929,7.510401786,4.040089286,4.190267857,4.640089286,5.7903125,5.459955357,5.469955357,5.279955357,3.720178571,4.29,6.449598214,8.189732143,8.380178571
415,5.106696429,4.415022321,5.016651786,7.184977679,6.153303571,7.043303571,4.105909091,5.119545455,3.882727273,7.893348214,8.061674107,7.65828125,3.809955357,4.146607143,4.47,5.569955357,5.441674107,5.325022321,4.914933036,3.564977679,4.324933036,6.621674107,8.348325893,8.479955357
420,5.323691275,4.823422819,5.323691275,7.25,6.166845638,7.183691275,3.983181818,5.099545455,3.838636364,8.073154362,8.360268456,7.696845638,4.047114094,4.300536913,4.49,5.586845638,5.226577181,5.333422819,4.660268456,3.6,4.140536913,6.953691275,8.467114094,8.573422819
425,5.424675615,4.991946309,5.501297539,7.26935123,6.308053691,7.334026846,3.856363636,4.876363636,3.746363636,8.008053691,8.214026846,7.598702461,3.984675615,4.464675615,4.685324385,5.554026846,5.21,5.464675615,4.458702461,3.31,3.978053691,7.061297539,8.75064877,8.711297539
430,5.58470852,5.14470852,5.70470852,7.32264574,6.26206278,7.18,3.818636364,4.757272727,3.678181818,7.97941704,8.32735426,7.64,4.12058296,4.36529148,4.67058296,5.26793722,5.18264574,5.37529148,4.27264574,3.32,3.78,7.48941704,8.58,8.76735426
435,5.83,5.26,5.969058296,7.25,6.29,7.23,3.747826087,4.703913043,3.593478261,8.169058296,8.381412556,7.74,4.108116592,4.298587444,4.758587444,5.278587444,5.250941704,5.210470852,4.071883408,3.330470852,3.62,7.660470852,8.641412556,8.940470852
440,5.948157303,5.43,6.03447191,7.24,6.35447191,7.31,3.743913043,4.688695652,3.566956522,8.062629213,8.400786517,7.771842697,4.260786517,4.51,4.73,5.138157303,5.21,5.16,4.01552809,3.459213483,3.751842697,7.84,8.67,9.03
445,6.12858427,5.57,6.161460674,7.342876404,6.587168539,7.47141573,3.772727273,4.656363636,3.564545455,8.072876404,8.277168539,7.732876404,4.26858427,4.545707865,4.85,5.225707865,5.114292135,5.134292135,4.06141573,3.592831461,3.895707865,8.047168539,8.822876404,9.085752809
450,6.587477477,6.038085586,6.606869369,7.593130631,6.823738739,7.747477477,3.708181818,4.621818182,3.568636364,8.043130631,8.273130631,7.723130631,4.3,4.693738739,5.003738739,5.066869369,4.976869369,5.036869369,4.253738739,3.670608108,4.054346847,8.426869369,9.116869369,9.556261261
455,6.92731377,6.268848758,6.947697517,7.65,6.87,7.799232506,3.683913043,4.653043478,3.572608696,8.040383747,8.29,7.680383747,4.449616253,4.81,5.120383747,5.071151242,5.05,5.090383747,4.408848758,3.969232506,4.299616253,8.79731377,9.328465011,9.738465011
460,7.47241535,6.70489842,7.54241535,7.87751693,7.08,8,3.669565217,4.633043478,3.574782609,7.9,8.16248307,7.55751693,4.51248307,5.06,5.27248307,4.97,4.99751693,5.03503386,4.74496614,4.26248307,4.65248307,9.35496614,9.77248307,10.29744921
465,8.118484163,7.3639819,8.262986425,8.04199095,7.310995475,8.255497738,3.631363636,4.606818182,3.549545455,7.9,8.124502262,7.504502262,4.730995475,5.19,5.555497738,4.945497738,4.966493213,4.955497738,5.212986425,4.667488688,5.042986425,9.622986425,9.970995475,10.59199095
470,8.97321267,8.201855204,9.327782805,8.3,7.518642534,8.488642534,3.603043478,4.616521739,3.541304348,7.802714932,8.022714932,7.41,4.848642534,5.365927602,5.675927602,4.831357466,4.921357466,4.892714932,5.685927602,5.075927602,5.52321267,10.1259276,10.3159276,10.90864253
475,9.75755102,8.97170068,10.38340136,8.471950113,7.773900227,8.717800454,3.594782609,4.603043478,3.556086957,7.68,7.888049887,7.278049887,5.121950113,5.68585034,5.967800454,4.746099773,4.828049887,4.856099773,6.277800454,5.58585034,6.09585034,10.47975057,10.65975057,11.32780045
480,10.64857143,9.863968254,11.6647619,8.721587302,8.006190476,9.020793651,3.586818182,4.599545455,3.540909091,7.584603175,7.804603175,7.225396825,5.351587302,5.940793651,6.285396825,4.740793651,4.770793651,4.790793651,6.882380952,6.096984127,6.683174603,10.9715873,11.04079365,11.7615873
485,11.58181818,10.82977273,13.01772727,9.027954545,8.306931818,9.316931818,3.551304348,4.587826087,3.56173913,7.492045455,7.681022727,7.092045455,5.628977273,6.296931818,6.586931818,4.671022727,4.761022727,4.751022727,7.611818182,6.684886364,7.354886364,11.62181818,11.46488636,12.29284091
490,12.48626424,11.79897494,14.46252847,9.283553531,8.633553531,9.680842825,3.542173913,4.577391304,3.597826087,7.437289294,7.607289294,7.027289294,6.008132118,6.718132118,7.018132118,4.624578588,4.687289294,4.717289294,8.398974943,7.283553531,8.036264237,12.49168565,12.07355353,13.04168565
495,13.29284738,12.66624146,15.77266515,9.76642369,9.13642369,10.20302961,3.544782609,4.592173913,3.660869565,7.356605923,7.52,6.946605923,6.393029613,7.173029613,7.489635535,4.616605923,4.693394077,4.69,9.186241458,7.923029613,8.773029613,13.54927107,12.82284738,14.00605923
500,14.01383562,13.49511416,17.02703196,10.29255708,9.703196347,10.77383562,3.556956522,4.612608696,3.753478261,7.25,7.389360731,6.86,6.893196347,7.753835616,8.143196347,4.609360731,4.679360731,4.649360731,9.964474886,8.503196347,9.443835616,14.93767123,13.87703196,15.25894977
505,14.56926941,14.18926941,18.06853881,10.91372146,10.35372146,11.51372146,3.625454545,4.681818182,3.867272727,7.195182648,7.300365297,6.79,7.46890411,8.46890411,8.853721461,4.62,4.65,4.664817352,10.77890411,9.09890411,10.14890411,16.68671233,15.41226027,16.97671233
510,14.9573913,14.69652174,18.93478261,11.69304348,11.14304348,12.33304348,3.705217391,4.756086957,3.996086957,7.150869565,7.240869565,6.72173913,8.154782609,9.343043478,9.742173913,4.59,4.590869565,4.60173913,11.54391304,9.645652174,10.78565217,18.70434783,17.26521739,19.0226087
515,15.18361556,15.05723112,19.5480778,12.54892449,12.06892449,13.32254005,3.780434783,4.824782609,4.155652174,7.076384439,7.146384439,6.666384439,8.995308924,10.27530892,10.76892449,4.57,4.62,4.61,12.24169336,10.19446224,11.4180778,21.06315789,19.62592677,21.51954233
520,15.20176606,15.18,19.93823394,13.48763761,13.05233945,14.37233945,3.876086957,4.94,4.363478261,7.05,7.11,6.62,9.914105505,11.27233945,11.94057339,4.58,4.591766055,4.61,12.92763761,10.66116972,11.98116972,23.55938073,22.31584862,24.18584862
525,15.02096552,15.19397701,19.99,14.50011494,14.06710345,15.49011494,3.981304348,5.067826087,4.592608696,7.01,7.026988506,6.54,11.00011494,12.47312644,13.28011494,4.57,4.573011494,4.56,13.50505747,11.04204598,12.43204598,26.08324138,25.24432184,26.96227586
530,14.70818391,14.99409195,19.84409195,15.55158621,15.16954023,16.66749425,4.116956522,5.234782609,4.884347826,6.94,6.954091954,6.5,12.12954023,13.68749425,14.6534023,4.56,4.58,4.58,14.05181609,11.39386207,12.88977011,28.47908046,28.44475862,29.75885057
535,14.18479263,14.57479263,19.3978341,16.6243318,16.28737327,17.85345622,4.293043478,5.42826087,5.19,6.896958525,6.873917051,6.44,13.36345622,15.0664977,16.0864977,4.6,4.573041475,4.566082949,14.4521659,11.68608295,13.21912442,30.68170507,31.60907834,32.40691244
540,13.55864055,14.06864055,18.77382488,17.734447,17.44271889,19.094447,4.547826087,5.679565217,5.586956522,6.87,6.821728111,6.42,14.68271889,16.43926267,17.61580645,4.581728111,4.551728111,4.543456221,14.81481567,11.89827189,13.47654378,32.51580645,34.56679724,34.73889401
545,12.84062356,13.43429561,17.98796767,18.83672055,18.61039261,20.37406467,4.822173913,5.946956522,5.999565217,6.83,6.752655889,6.336327945,15.96039261,17.88773672,19.12140878,4.58,4.55,4.546327945,15.15734411,12.11367206,13.72734411,33.85039261,37.16711316,36.68140878
550,11.99550926,12.67550926,17.05787037,20.00212963,19.82212963,21.61134259,5.196521739,6.306956522,6.507826087,6.780787037,6.700787037,6.300787037,17.33976852,19.36898148,20.62055556,4.59,4.530787037,4.539212963,15.39842593,12.19,13.86921296,34.77527778,39.29740741,38.09055556
555,11.14564815,11.87564815,16.00092593,21.17398148,21.06907407,22.95888889,5.634583333,6.734166667,7.044166667,6.77,6.665092593,6.295092593,18.75398148,20.9487037,22.1637963,4.59,4.514907407,4.5,15.54490741,12.22,13.94,35.11981481,40.81888889,38.93962963
560,10.21387471,11.01464037,14.88234339,22.33765661,22.30765661,24.24842227,6.175652174,7.232173913,7.65,6.74,6.609234339,6.249234339,20.17918794,22.5299536,23.7099536,4.62,4.539234339,4.539234339,15.65,12.26,13.97,35.02693735,41.68229698,39.17923434
565,9.265674419,10.06888372,13.64530233,23.50111628,23.52469767,25.56790698,6.864347826,7.799565217,8.316086957,6.72,6.586790698,6.22,21.59469767,24.05827907,25.22827907,4.6,4.49,4.483209302,15.6332093,12.1632093,13.9132093,34.31888372,41.8164186,38.78925581
570,8.356241299,9.119211137,12.41733179,24.64969838,24.74969838,26.84563805,7.576086957,8.384347826,8.955652174,6.67,6.527030162,6.17,22.98266821,25.53563805,26.72563805,4.617030162,4.51,4.51,15.54406032,12.02109049,13.72703016,33.11436195,41.28218097,37.83733179
575,7.464195804,8.205594406,11.17629371,25.83370629,26.03230769,28.19300699,8.443478261,9.109130435,9.720869565,6.64,6.49,6.149300699,24.34160839,26.93230769,28.13230769,4.62,4.519300699,4.499300699,15.3320979,11.7913986,13.5213986,31.53048951,40.24769231,36.43909091
580,6.583566434,7.313566434,9.956153846,27.02223776,27.27384615,29.48804196,9.381666667,9.864583333,10.48708333,6.62,6.444195804,6.125804196,25.59804196,28.12804196,29.44804196,4.65,4.53,4.51,15.04258741,11.54839161,13.22258741,29.64552448,38.73293706,34.65132867
585,5.825280374,6.495280374,8.84546729,28.21207944,28.54453271,30.81698598,10.39608696,10.66652174,11.27391304,6.57,6.38,6.08,26.68962617,29.09962617,30.50207944,4.65,4.47,4.452453271,14.70264019,11.22509346,12.89509346,27.47338785,36.83584112,32.57093458
590,5.104345794,5.734345794,7.776518692,29.37275701,29.77275701,32.15130841,11.52,11.53478261,12.11434783,6.540724299,6.34,6.06,27.49565421,29.7278271,31.3263785,4.68,4.49,4.48,14.2536215,10.9021729,12.5021729,25.15521028,34.59448598,30.24448598
595,4.508735363,5.042482436,6.829976581,30.5487822,31.06503513,33.4287822,12.65791667,12.39208333,12.93083333,6.523747073,6.307494145,6.013747073,28.04250585,30.06625293,31.77875878,4.68,4.496252927,4.46,13.80498829,10.56124122,12.10124122,22.74494145,32.14868852,27.78494145
600,3.966416862,4.406416862,5.996229508,31.69395785,32.30395785,34.72735363,13.88125,13.3,13.78125,6.49,6.27,5.986604215,28.22679157,29.98320843,31.87,4.67,4.476604215,4.466604215,13.31641686,10.27320843,11.74641686,20.28529274,29.56529274,25.23189696
605,3.518591549,3.877887324,5.237183099,32.82704225,33.52774648,35.99704225,15.06130435,14.1673913,14.60043478,6.46,6.25,5.949295775,28.1471831,29.61647887,31.64788732,4.680704225,4.49,4.479295775,12.8671831,10.02929577,11.42859155,17.88521127,26.86309859,22.66521127
610,3.173623529,3.475435294,4.609058824,34.02188235,34.78007059,37.32007059,16.32565217,15.09913043,15.49913043,6.43,6.23,5.94,27.80724706,28.99268235,31.13087059,4.69,4.49,4.468188235,12.46543529,9.931811765,11.26362353,15.52623529,24.20804706,20.17623529
615,2.898349057,3.108349057,4.112523585,35.35990566,36.15573113,38.74573113,17.58416667,16.05208333,16.4175,6.48,6.26,5.97,27.26087264,28.17339623,30.41504717,4.71,4.474174528,4.454174528,12.30417453,9.941650943,11.25165094,13.37096698,21.67931604,17.86931604
620,2.716367925,2.852735849,3.729103774,36.66632075,37.52358491,40.21995283,18.86708333,17.04291667,17.35375,6.503632075,6.29,5.98,26.53457547,27.18367925,29.52367925,4.78,4.5,4.496367925,12.34,10.21089623,11.53089623,11.49188679,19.35099057,15.80462264
625,2.55678487,2.63678487,3.415177305,37.66286052,38.69607565,41.32446809,19.94043478,17.84652174,18.12826087,6.478392435,6.29,5.97,25.43231678,25.95910165,28.26231678,4.79,4.51,4.48,12.50160757,10.63643026,11.91643026,9.79749409,17.0578487,13.85427896
630,2.45,2.500236407,3.180236407,38.49834515,39.64834515,42.28834515,20.87913043,18.51695652,18.79608696,6.47,6.3,5.950236407,24.07283688,24.46283688,26.75307329,4.79,4.48,4.46,12.86858156,11.23834515,12.51834515,8.292600473,14.94378251,12.10307329
635,2.401919431,2.36,2.981919431,39.39464455,40.60272512,43.27080569,21.70791667,19.12875,19.39666667,6.44,6.28,5.941919431,22.63495261,22.86879147,25.14879147,4.778080569,4.49,4.458080569,13.56464455,12.08272512,13.44272512,7.029194313,13.12687204,10.63111374
640,2.373436019,2.32,2.893436019,40.32938389,41.61251185,44.27251185,22.55,19.76791667,20.04,6.46,6.316563981,5.96,21.18466825,21.32466825,23.51810427,4.78,4.483436019,4.45,14.68220379,13.21220379,14.64876777,6.064052133,11.62123223,9.460924171
645,2.345225653,2.264774347,2.8,41.23180523,42.58657957,45.24657957,23.37625,20.39958333,20.68875,6.475225653,6.365225653,5.99,19.74729216,19.78684086,21.92206651,4.79,4.48,4.44,16.11793349,14.52793349,16.16315914,5.359097387,10.45819477,8.563420428
650,2.338123515,2.264061758,2.77,42.0684323,43.54249406,46.24249406,24.18916667,21.03625,21.3475,6.51,6.43,6.02,18.29125891,18.25125891,20.28125891,4.78,4.47,4.444061758,17.92904988,16.13686461,17.96092637,4.873752969,9.521567696,7.919691211
655,2.39,2.28,2.78,42.9815,44.49457143,47.18457143,24.94708333,21.66791667,21.98958333,6.583071429,6.523071429,6.073071429,16.85314286,16.78314286,18.74007143,4.81,4.48,4.44,20.03835714,17.87914286,19.96221429,4.593857143,8.907714286,7.500785714
660,2.4,2.3,2.79,43.75794749,45.38346062,48.10794749,25.63666667,22.25916667,22.58666667,6.64,6.61,6.15,15.4853222,15.4353222,17.2753222,4.8,4.47,4.43,22.40711217,19.72813842,22.10038186,4.447756563,8.47326969,7.265513126
665,2.44,2.32,2.8,44.59801435,46.26282297,48.99282297,26.30125,22.81833333,23.16666667,6.691602871,6.721602871,6.181602871,14.21397129,14.15236842,15.87076555,4.77,4.431602871,4.441602871,24.94526316,21.63564593,24.33885167,4.44,8.266794258,7.17
670,2.48,2.378851675,2.84,45.35688995,47.14803828,49.86803828,26.94208333,23.3725,23.72375,6.802296651,6.861148325,6.291148325,13.00851675,12.96966507,14.54736842,4.83,4.47,4.441148325,27.56526316,23.51722488,26.56066986,4.532296651,8.188851675,7.211148325
675,2.509138756,2.41,2.87,46.11516746,47.96602871,50.67602871,27.55125,23.91375,24.26125,6.920861244,7.010861244,6.420861244,11.8722488,11.8822488,13.29138756,4.840861244,4.46,4.45,30.16808612,25.32291866,28.74464115,4.670861244,8.190861244,7.290861244
680,2.53,2.42,2.9,46.84521635,48.69521635,51.45521635,28.13916667,24.41833333,24.79541667,7.041490385,7.220745192,6.521490385,10.87478365,10.94478365,12.18403846,4.84,4.47,4.440745192,32.67490385,27.0396875,30.75192308,4.851490385,8.261490385,7.431490385
685,2.551634615,2.45,2.91,47.51490385,49.49490385,52.18572115,28.71416667,24.90958333,25.31708333,7.201634615,7.391634615,6.701634615,9.953461538,10.09346154,11.19346154,4.84,4.49,4.44,35.02552885,28.58980769,32.61144231,5.051634615,8.381634615,7.591634615
690,2.598918269,2.48,2.948918269,48.17649038,50.17649038,52.91649038,29.25291667,25.39083333,25.81375,7.373245192,7.621081731,6.872163462,9.202427885,9.413509615,10.31134615,4.88,4.498918269,4.47,37.08838942,29.92081731,34.20298077,5.241081731,8.501081731,7.701081731
695,2.601518072,2.511518072,2.941518072,48.79759036,50.88910843,53.53910843,29.76166667,25.86875,26.30166667,7.571518072,7.861518072,7.051518072,8.540891566,8.843927711,9.599373494,4.86,4.49,4.461518072,38.88973494,30.99214458,35.55366265,5.381518072,8.601518072,7.851518072
700,2.642125604,2.542125604,2.99,49.35275362,51.53275362,54.20487923,30.26291667,26.34333333,26.78625,7.796376812,8.136376812,7.266376812,7.971497585,8.353623188,8.931497585,4.842125604,4.5,4.46,40.41550725,31.86487923,36.64700483,5.546376812,8.702125604,7.972125604
705,2.66,2.542929782,2.99,49.91171913,52.14464891,54.81171913,30.745,26.78625,27.26333333,8.005859564,8.448789346,7.448789346,7.541210654,8.021210654,8.458280872,4.872929782,4.512929782,4.472929782,41.62929782,32.54464891,37.48343826,5.64,8.75,8.012929782
710,2.683922518,2.593922518,3.003922518,50.46784504,52.73961259,55.40569007,31.21833333,27.23625,27.72083333,8.257845036,8.761767554,7.713922518,7.206077482,7.786077482,8.108232446,4.886077482,4.536077482,4.506077482,42.52138015,32.93176755,38.02961259,5.75,8.783922518,8.07
715,2.729805825,2.62,3.014902913,51.00548544,53.32058252,55.96548544,31.68875,27.68458333,28.15125,8.545291262,9.12038835,7.985291262,6.999805825,7.594902913,7.809805825,4.915097087,4.545097087,4.515097087,43.15548544,33.17509709,38.37019417,5.81,8.775097087,8.100194175
720,2.77,2.66,3.063543689,51.49228155,53.83936893,56.49873786,32.14,28.10875,28.575,8.832912621,9.479368932,8.309368932,6.837087379,7.457087379,7.617087379,4.94,4.567087379,4.533543689,43.42291262,33.14354369,38.44645631,5.93,8.826456311,8.166456311
725,2.77,2.658004866,3.068004866,52.01201946,54.34201946,57.02002433,32.54833333,28.5225,29.00125,9.184014599,9.862019465,8.574014599,6.73,7.411995134,7.51,4.921995134,4.591995134,4.551995134,43.44399027,32.98399027,38.2359854,5.97,8.768004866,8.16
730,2.83,2.709756098,3.1,52.41902439,54.85878049,57.50926829,32.9856,28.9796,29.4516,9.509756098,10.27926829,8.919512195,6.699756098,7.389756098,7.47,4.95,4.62,4.57,43.25073171,32.6604878,37.90073171,6.009756098,8.78,8.189756098
735,2.901682927,2.79,3.16,52.96009756,55.40009756,58.06009756,33.436,29.438,29.8672,9.89504878,10.75504878,9.29504878,6.701682927,7.411682927,7.481682927,4.953365854,4.631682927,4.593365854,42.90495122,32.14990244,37.41495122,6.07,8.8,8.191682927
740,2.943814181,2.8,3.19,53.46144254,55.84525672,58.5790709,33.88208333,29.86416667,30.29541667,10.29144254,11.22525672,9.677628362,6.723814181,7.423814181,7.523814181,5.023814181,4.63,4.593814181,42.33711491,31.53711491,36.79330073,6.153814181,8.856185819,8.253814181
745,3.016127451,2.866127451,3.25,53.81838235,56.2922549,58.9322549,34.25625,30.23,30.69708333,10.6945098,11.68063725,10.0645098,6.736127451,7.43,7.55,5.026127451,4.7,4.66,41.39485294,30.78323529,35.84710784,6.186127451,8.83,8.263872549
750,3.08,2.891372549,3.281372549,54.1072549,56.6445098,59.2672549,34.6068,30.598,31.1016,11.1445098,12.20313725,10.5045098,6.75,7.431372549,7.62,5.078627451,4.7,4.668627451,40.28372549,29.86098039,34.78235294,6.301372549,8.88,8.308627451
755,3.17,3,3.36,54.4527027,56.97,59.60405405,34.9336,30.952,31.4588,11.56540541,12.71675676,10.87675676,6.82,7.458648649,7.65,5.121351351,4.781351351,4.711351351,39.13783784,28.85918919,33.67918919,6.372702703,8.932702703,8.392702703
760,3.26,3.104250614,3.46,54.74700246,57.32700246,59.90700246,35.27166667,31.32708333,31.76875,12.03125307,13.25700246,11.37700246,6.814250614,7.48,7.7,5.16,4.824250614,4.75,37.88899263,27.80599509,32.51749386,6.484250614,9.004250614,8.514250614
765,3.357339901,3.227339901,3.577339901,55.1220197,57.63,60.2446798,35.6256,31.698,32.112,12.51935961,13.86669951,11.82935961,6.857339901,7.46,7.727339901,5.2,4.82,4.782660099,36.42458128,26.59660099,31.16926108,6.587339901,9.15,8.612660099
770,3.471925926,3.310641975,3.73,55.4625679,57.98192593,60.54192593,35.9776,32.0456,32.4688,13.0225679,14.4225679,12.35128395,6.820641975,7.45,7.77,5.210641975,4.840641975,4.83,34.8822963,25.38293827,29.7422963,6.78,9.300641975,8.781283951
775,3.58,3.394148148,3.82,55.8082963,58.33414815,60.88244444,36.31208333,32.38583333,32.80166667,13.58074074,15.02488889,12.84074074,6.781703704,7.38,7.715851852,5.264148148,4.91,4.824148148,33.25192593,24.08022222,28.23607407,6.898296296,9.43,8.904148148
780,3.707846535,3.55,3.957846535,56.0935396,58.56784653,61.15569307,36.5952,32.6944,33.1144,14.11923267,15.68707921,13.38707921,6.84,7.38,7.76,5.347846535,4.985693069,4.917846535,31.57230198,22.79368812,26.73799505,7.077846535,9.54,9.045693069
785,3.86528536,3.703523573,4.103523573,56.41352357,58.87352357,61.42,36.8728,32.992,33.4236,14.66880893,16.33057072,13.91057072,6.78,7.328238213,7.72,5.391761787,5.031761787,5.003523573,29.7735732,21.39062035,25.10238213,7.283523573,9.721761787,9.221761787
790,3.995856079,3.835856079,4.254143921,56.80756824,59.25756824,61.79171216,37.1636,33.3232,33.7528,15.2692804,16.98513648,14.49513648,6.794143921,7.334143921,7.714143921,5.47,5.05,5.065856079,27.94801489,20.04972705,23.54558313,7.44,9.94,9.415856079
795,4.190174129,4.010174129,4.450174129,57.02034826,59.5,62.11034826,37.4472,33.6108,34.0308,15.92087065,17.69121891,15.08087065,6.780348259,7.3,7.659825871,5.529651741,5.119825871,5.05,26.14756219,18.69808458,21.94808458,7.670174129,10.11017413,9.590348259
800,4.38,4.184064838,4.66,57.36468828,59.82937656,62.43468828,37.73916667,33.90791667,34.31458333,16.50281796,18.31281796,15.6434414,6.76,7.265311721,7.655311721,5.599376559,5.17,5.12,24.41905237,17.36780549,20.40374065,7.859376559,10.29937656,9.769376559